"Reference","Value","Datasheet","Footprint","Qty","DNP","Manufacturer_Name","Manufacturer_Part_Number","Distributor_Link"
"J601","DM3AT-SF-PEJM5_40_","https://componentsearchengine.com/Datasheets/2/DM3AT-SF-PEJM5(40).pdf","EMS:DM3ATSFPEJM540","1","","Hirose","DM3AT-SF-PEJM5(40)","https://www.mouser.co.uk/ProductDetail/Hirose-Connector/DM3AT-SF-PEJM540?qs=0WLLhGLuJYzPvbo0KPPEoQ%3D%3D"
"D403","PESD3V3L1BA,115","https://assets.nexperia.com/documents/data-sheet/PESDXL1BA_SER.pdf","EMS:PESD3V3L1BA_115-SOD-323-2","1","","Nexperia","PESD3V3L1BA,115","https://www.mouser.co.uk/ProductDetail/Nexperia/PESD3V3L1BA115?qs=LOCUfHb8d9tfcQwAsqvzKg%3D%3D"
"D404","PESD3V3L1BA,115","https://assets.nexperia.com/documents/data-sheet/PESDXL1BA_SER.pdf","EMS:PESD3V3L1BA_115-SOD-323-2","1","","Nexperia","PESD3V3L1BA,115","https://www.mouser.co.uk/ProductDetail/Nexperia/PESD3V3L1BA115?qs=LOCUfHb8d9tfcQwAsqvzKg%3D%3D"
"D405","PESD3V3L1BA,115","https://assets.nexperia.com/documents/data-sheet/PESDXL1BA_SER.pdf","EMS:PESD3V3L1BA_115-SOD-323-2","1","","Nexperia","PESD3V3L1BA,115","https://www.mouser.co.uk/ProductDetail/Nexperia/PESD3V3L1BA115?qs=LOCUfHb8d9tfcQwAsqvzKg%3D%3D"
"D406","PESD3V3L1BA,115","https://assets.nexperia.com/documents/data-sheet/PESDXL1BA_SER.pdf","EMS:PESD3V3L1BA_115-SOD-323-2","1","","Nexperia","PESD3V3L1BA,115","https://www.mouser.co.uk/ProductDetail/Nexperia/PESD3V3L1BA115?qs=LOCUfHb8d9tfcQwAsqvzKg%3D%3D"
"D407","PESD3V3L1BA,115","https://assets.nexperia.com/documents/data-sheet/PESDXL1BA_SER.pdf","EMS:PESD3V3L1BA_115-SOD-323-2","1","","Nexperia","PESD3V3L1BA,115","https://www.mouser.co.uk/ProductDetail/Nexperia/PESD3V3L1BA115?qs=LOCUfHb8d9tfcQwAsqvzKg%3D%3D"
"D201","BAT30KFILM","http://www.st.com/content/ccc/resource/technical/document/datasheet/b5/44/50/dc/a4/84/48/70/CD00126118.pdf/files/CD00126118.pdf/jcr:content/translations/en.CD00126118.pdf","EMS:BAT30KFILM","1","","STMicroelectronics","BAT30KFILM","https://www.mouser.co.uk/ProductDetail/STMicroelectronics/BAT30KFILM?qs=jZi1jxfVU97WgdRkbosYSw%3D%3D"
"U402","BLUENRG-M2SA","https://www.st.com/resource/en/datasheet/bluenrg-m2.pdf","EMS:BLUENRG-M2SA","1","","STMicroelectronics","BLUENRG-M2SA","https://www.mouser.co.uk/ProductDetail/STMicroelectronics/BLUENRG-M2SA?qs=%252B6g0mu59x7K3hjyySj690A%3D%3D"
"U601","EMIF06-MSD02N16","http://www.st.com/content/ccc/resource/technical/document/datasheet/a7/86/d3/98/2c/7f/4b/d2/CD00217829.pdf/files/CD00217829.pdf/jcr:content/translations/en.CD00217829.pdf","EMS:EMIF06-MSD02N16","1","","STMicroelectronics","EMIF06-MSD02N16","https://www.mouser.co.uk/ProductDetail/STMicroelectronics/EMIF06-MSD02N16?qs=1CGoW%2F3pMwpSqVuN8kmN4Q%3D%3D"
"D202","ESDA7P60-1U1M","https://www.st.com/resource/en/datasheet/esda7p60-1u1m.pdf","EMS:ESDA7P60-1U1M","1","","STMicroelectronics","ESDA7P60-1U1M","https://www.mouser.co.uk/ProductDetail/STMicroelectronics/ESDA7P60-1U1M?qs=kWQV1gtkNnfgxoDhWqG%2FZA%3D%3D"
"D401","ESDALC6V1-1M2","","EMS:ESDALC6V11M2","1","","STMicroelectronics","ESDALC6V1-1M2","https://www.mouser.co.uk/ProductDetail/STMicroelectronics/ESDALC6V1-1M2?qs=Cak7mXXNf1Vp5Y5FXrX40g%3D%3D"
"D402","ESDALC6V1-1M2","","EMS:ESDALC6V11M2","1","","STMicroelectronics","ESDALC6V1-1M2","https://www.mouser.co.uk/ProductDetail/STMicroelectronics/ESDALC6V1-1M2?qs=Cak7mXXNf1Vp5Y5FXrX40g%3D%3D"
"U301","LDLN025M12R","https://www.st.com/resource/en/datasheet/ldln025.pdf","EMS:LDLN025M12R-SOT-23-5","1","","STMicroelectronics","LDLN025M12R","https://www.mouser.co.uk/ProductDetail/STMicroelectronics/LDLN025M12R?qs=5aG0NVq1C4zrayTBALXrUQ%3D%3D"
"U302","ST1PS02CQTR","https://www.st.com/en/power-management/st1ps02.html","EMS:ST1PS02CQTR","1","","STMicroelectronics","ST1PS02CQTR","https://www.mouser.co.uk/ProductDetail/STMicroelectronics/ST1PS02CQTR?qs=sPbYRqrBIVkrGj42PMRzhg%3D%3D"
"U303","ST1PS02CQTR","https://www.st.com/en/power-management/st1ps02.html","EMS:ST1PS02CQTR","1","","STMicroelectronics","ST1PS02CQTR","https://www.mouser.co.uk/ProductDetail/STMicroelectronics/ST1PS02CQTR?qs=sPbYRqrBIVkrGj42PMRzhg%3D%3D"
"U202","STEF05SGR","https://www.st.com/resource/en/datasheet/stef05s.pdf","EMS:STEF05SGR-TSOT23-8L","1","","STMicroelectronics","STEF05SGR","https://www.mouser.co.uk/ProductDetail/STMicroelectronics/STEF05SGR?qs=%252B6g0mu59x7KvRRED919Zdw%3D%3D"
"Q201","STL6N3LLH6","https://www.st.com/resource/en/datasheet/stl6n3llh6.pdf","EMS:STL6N3LLH6","1","","STMicroelectronics","STL6N3LLH6","https://www.mouser.co.uk/ProductDetail/STMicroelectronics/STL6N3LLH6?qs=symtzNQNgQLOqUYDqyK2eQ%3D%3D"
"U401","STM32F103RGT6","https://4donline.ihs.com/images/VipMasterIC/IC/SGST/SGST-S-A0001116992/SGST-S-A0001116992-1.pdf?hkey=6D3A4C79FDBF58556ACFDE234799DDF0","EMS:STM32F103RGT6-LQFP-64","1","","STMicroelectronics","STM32F103RGT6","https://www.mouser.co.uk/ProductDetail/STMicroelectronics/STM32F103RGT6?qs=9CYplWqnH7H2%252Bxyt3bktHg%3D%3D"
"U203","TCPP01-M12","https://www.st.com/resource/en/datasheet/tcpp01-m12.pdf","EMS:TCPP01-M12-QFN-12L","1","","STMicroelectronics","TCPP01-M12","https://www.mouser.co.uk/ProductDetail/STMicroelectronics/TCPP01-M12?qs=%252B6g0mu59x7KCafIwapwG2A%3D%3D"
"U201","USBLC6-2P6","https://datasheet.lcsc.com/szlcsc/STMicroelectronics-USBLC6-2P6_C15999.pdf","EMS:USBLC62P6-SOT666-6","1","","STMicroelectronics","USBLC6-2P6","https://www.mouser.co.uk/ProductDetail/STMicroelectronics/USBLC6-2P6?qs=6ARB0lp6jlViGcbUSvj1Mw%3D%3D"
"U304","LM2664M6_NOPB","https://datasheet.datasheetarchive.com/originals/distributors/Datasheets-SFU2/DSASFU100036515.pdf","EMS:LM2664M6_NOPB-SOT-23-6","1","","Texas Instruments","LM2664M6/NOPB","https://www.mouser.co.uk/ProductDetail/Texas-Instruments/LM2664M6-NOPB?qs=X1J7HmVL2ZFqN%2Fb7EAhtIA%3D%3D"
"U502","TSV914AIDR","http://www.ti.com/lit/gpn/tsv914","EMS:TSV914AIDR-SOIC-14","1","","Texas Instruments","TSV914AIDR","https://www.mouser.co.uk/ProductDetail/Texas-Instruments/TSV914AIDR?qs=j%252B1pi9TdxUbYpr7UiDKnMQ%3D%3D"
"U503","TSV914AIDR","http://www.ti.com/lit/gpn/tsv914","EMS:TSV914AIDR-SOIC-14","1","","Texas Instruments","TSV914AIDR","https://www.mouser.co.uk/ProductDetail/Texas-Instruments/TSV914AIDR?qs=j%252B1pi9TdxUbYpr7UiDKnMQ%3D%3D"
"U504","TSV914AIDR","http://www.ti.com/lit/gpn/tsv914","EMS:TSV914AIDR-SOIC-14","1","","Texas Instruments","TSV914AIDR","https://www.mouser.co.uk/ProductDetail/Texas-Instruments/TSV914AIDR?qs=j%252B1pi9TdxUbYpr7UiDKnMQ%3D%3D"
"L401","10n","https://www.mouser.com/datasheet/2/3/AISC_0603HP-3317970.pdf","Inductor_SMD:L_0603_1608Metric","1","","ABRACON","AISC-0603HP-10NJ-T","https://www.mouser.com/ProductDetail/ABRACON/AISC-0603HP-10NJ-T?qs=73bO73rho2jHb0IUu62hpA%3D%3D"
"U602","ADM2565EBRNZ","https://www.mouser.com/datasheet/2/609/adm2561e_adm2563e_adm2565e_adm2567e-1877385.pdf","EMS:ADM2565EBRNZ-SOIC-28","1","","Analog Devices","ADM2565EBRNZ","https://www.mouser.com/ProductDetail/Analog-Devices/ADM2565EBRNZ?qs=DPoM0jnrROUAp2vbRe3rEw%3D%3D"
"SW401","SW_Push","https://www.mouser.com/datasheet/2/240/RS_282G05A_SM_RT-3051254.pdf","Button_Switch_SMD:SW_SPST_CK_RS282G05A3","1","","C&K","RS282G05A3SMRT","https://www.mouser.com/ProductDetail/CK/RS282G05A3SMRT?qs=Gufeu08L%2Fl2VU43xmeLp5Q%3D%3D"
"SW402","SW_Push","https://www.mouser.com/datasheet/2/240/RS_282G05A_SM_RT-3051254.pdf","Button_Switch_SMD:SW_SPST_CK_RS282G05A3","1","","C&K","RS282G05A3SMRT","https://www.mouser.com/ProductDetail/CK/RS282G05A3SMRT?qs=Gufeu08L%2Fl2VU43xmeLp5Q%3D%3D"
"R505","R_Variable","https://product.tdk.com/system/files/dam/doc/product/protection/voltage/lead-disk-varistor/data_sheet/70/db/var/siov_leaded_standard.pdf?ref_disty=mouser","EMS:B72220S0271K101","1","","EPCOS/TDK","B72220S0271K101","https://www.mouser.com/ProductDetail/EPCOS-TDK/B72220S0271K101?qs=dEfas%2FXlABJm%252BgabQzQHxg%3D%3D"
"R512","R_Variable","https://product.tdk.com/system/files/dam/doc/product/protection/voltage/lead-disk-varistor/data_sheet/70/db/var/siov_leaded_standard.pdf?ref_disty=mouser","EMS:B72220S0271K101","1","","EPCOS/TDK","B72220S0271K101","https://www.mouser.com/ProductDetail/EPCOS-TDK/B72220S0271K101?qs=dEfas%2FXlABJm%252BgabQzQHxg%3D%3D"
"R519","R_Variable","https://product.tdk.com/system/files/dam/doc/product/protection/voltage/lead-disk-varistor/data_sheet/70/db/var/siov_leaded_standard.pdf?ref_disty=mouser","EMS:B72220S0271K101","1","","EPCOS/TDK","B72220S0271K101","https://www.mouser.com/ProductDetail/EPCOS-TDK/B72220S0271K101?qs=dEfas%2FXlABJm%252BgabQzQHxg%3D%3D"
"J403","Conn_02x08_Counter_Clockwise","~","Connector_PinHeader_2.54mm:PinHeader_2x10_P2.54mm_Vertical","1","","Harwin","M20-9720546","https://www.mouser.com/ProductDetail/Harwin/M20-9720546?qs=vF78I%252BjhbY95YP90xzX2TQ%3D%3D"
"J201","USB_C_Receptacle_USB2.0_16P","https://www.usb.org/sites/default/files/documents/usb_type-c.zip","Connector_USB:USB_C_Receptacle_GCT_USB4105-xx-A_16P_TopMnt_Horizontal","1","","Hirose Connector","CX90B-16P","https://www.mouser.com/ProductDetail/Hirose-Connector/CX90B-16P?qs=vmHwEFxEFR%2Fiaz3BzOVsSQ%3D%3D"
"TP201","TestPoint","https://www.mouser.com/datasheet/2/215/000-5004-741320.pdf","EMS:5000","1","","Keystone Electronics","5000","https://www.mouser.com/ProductDetail/Keystone-Electronics/5000?qs=q0tsjPZWdm%252B9SiiTAbEwUw%3D%3D"
"TP202","TestPoint","https://www.mouser.com/datasheet/2/215/000-5004-741320.pdf","EMS:5000","1","","Keystone Electronics","5000","https://www.mouser.com/ProductDetail/Keystone-Electronics/5000?qs=q0tsjPZWdm%252B9SiiTAbEwUw%3D%3D"
"TP301","TestPoint","https://www.mouser.com/datasheet/2/215/000-5004-741320.pdf","EMS:5000","1","","Keystone Electronics","5000","https://www.mouser.com/ProductDetail/Keystone-Electronics/5000?qs=q0tsjPZWdm%252B9SiiTAbEwUw%3D%3D"
"TP302","TestPoint","https://www.mouser.com/datasheet/2/215/000-5004-741320.pdf","EMS:5000","1","","Keystone Electronics","5000","https://www.mouser.com/ProductDetail/Keystone-Electronics/5000?qs=q0tsjPZWdm%252B9SiiTAbEwUw%3D%3D"
"TP303","TestPoint","https://www.mouser.com/datasheet/2/215/000-5004-741320.pdf","EMS:5000","1","","Keystone Electronics","5000","https://www.mouser.com/ProductDetail/Keystone-Electronics/5000?qs=q0tsjPZWdm%252B9SiiTAbEwUw%3D%3D"
"TP304","TestPoint","https://www.mouser.com/datasheet/2/215/000-5004-741320.pdf","EMS:5000","1","","Keystone Electronics","5000","https://www.mouser.com/ProductDetail/Keystone-Electronics/5000?qs=q0tsjPZWdm%252B9SiiTAbEwUw%3D%3D"
"TP601","TestPoint","https://www.mouser.com/datasheet/2/215/000-5004-741320.pdf","EMS:5000","1","","Keystone Electronics","5000","https://www.mouser.com/ProductDetail/Keystone-Electronics/5000?qs=q0tsjPZWdm%252B9SiiTAbEwUw%3D%3D"
"TP602","TestPoint","https://www.mouser.com/datasheet/2/215/000-5004-741320.pdf","EMS:5000","1","","Keystone Electronics","5000","https://www.mouser.com/ProductDetail/Keystone-Electronics/5000?qs=q0tsjPZWdm%252B9SiiTAbEwUw%3D%3D"
"TP603","TestPoint","https://www.mouser.com/datasheet/2/215/000-5004-741320.pdf","EMS:5000","1","","Keystone Electronics","5000","https://www.mouser.com/ProductDetail/Keystone-Electronics/5000?qs=q0tsjPZWdm%252B9SiiTAbEwUw%3D%3D"
"D408","LED_RAGB","https://www.mouser.com/datasheet/2/216/APFA3010LSEEZGKQBKC-786336.pdf","LED_SMD:LED_Kingbright_APFA3010_3x1.5mm_Horizontal","1","","Kingbright","APFA3010LSEEZGKQBKC","https://www.mouser.com/ProductDetail/Kingbright/APFA3010LSEEZGKQBKC?qs=ZqXcJfGlKsh4RNXwluO8Eg%3D%3D"
"R523","7k15","https://www.koaspeer.com/pdfs/RK73H.pdf","Resistor_SMD:R_0603_1608Metric","1","","KOA Speer","RK73H1JTTDD7151F","https://www.mouser.com/ProductDetail/KOA-Speer/RK73H1JTTDD7151F?qs=fy%252BXOzISeIJ0zwM%252B3kdQkg%3D%3D"
"R540","7k15","https://www.koaspeer.com/pdfs/RK73H.pdf","Resistor_SMD:R_0603_1608Metric","1","","KOA Speer","RK73H1JTTDD7151F","https://www.mouser.com/ProductDetail/KOA-Speer/RK73H1JTTDD7151F?qs=fy%252BXOzISeIJ0zwM%252B3kdQkg%3D%3D"
"R549","7k15","https://www.koaspeer.com/pdfs/RK73H.pdf","Resistor_SMD:R_0603_1608Metric","1","","KOA Speer","RK73H1JTTDD7151F","https://www.mouser.com/ProductDetail/KOA-Speer/RK73H1JTTDD7151F?qs=fy%252BXOzISeIJ0zwM%252B3kdQkg%3D%3D"
"C201","100n","https://www.mouser.com/datasheet/2/40/KGM_X7R-3223212.pdf","Capacitor_SMD:C_0402_1005Metric","1","","KYOCERA AVX","04023C104KAT2A","https://www.mouser.com/ProductDetail/KYOCERA-AVX/04023C104KAT2A?qs=nNezP%252BoerbAsgsxxIAjFOw%3D%3D"
"C202","100n","https://www.mouser.com/datasheet/2/40/KGM_X7R-3223212.pdf","Capacitor_SMD:C_0402_1005Metric","1","","KYOCERA AVX","04023C104KAT2A","https://www.mouser.com/ProductDetail/KYOCERA-AVX/04023C104KAT2A?qs=nNezP%252BoerbAsgsxxIAjFOw%3D%3D"
"C401","100n","https://www.mouser.com/datasheet/2/40/KGM_X7R-3223212.pdf","Capacitor_SMD:C_0402_1005Metric","1","","KYOCERA AVX","04023C104KAT2A","https://www.mouser.com/ProductDetail/KYOCERA-AVX/04023C104KAT2A?qs=nNezP%252BoerbAsgsxxIAjFOw%3D%3D"
"C402","100n","https://www.mouser.com/datasheet/2/40/KGM_X7R-3223212.pdf","Capacitor_SMD:C_0402_1005Metric","1","","KYOCERA AVX","04023C104KAT2A","https://www.mouser.com/ProductDetail/KYOCERA-AVX/04023C104KAT2A?qs=nNezP%252BoerbAsgsxxIAjFOw%3D%3D"
"C403","100n","https://www.mouser.com/datasheet/2/40/KGM_X7R-3223212.pdf","Capacitor_SMD:C_0402_1005Metric","1","","KYOCERA AVX","04023C104KAT2A","https://www.mouser.com/ProductDetail/KYOCERA-AVX/04023C104KAT2A?qs=nNezP%252BoerbAsgsxxIAjFOw%3D%3D"
"C404","100n","https://www.mouser.com/datasheet/2/40/KGM_X7R-3223212.pdf","Capacitor_SMD:C_0402_1005Metric","1","","KYOCERA AVX","04023C104KAT2A","https://www.mouser.com/ProductDetail/KYOCERA-AVX/04023C104KAT2A?qs=nNezP%252BoerbAsgsxxIAjFOw%3D%3D"
"C405","100n","https://www.mouser.com/datasheet/2/40/KGM_X7R-3223212.pdf","Capacitor_SMD:C_0402_1005Metric","1","","KYOCERA AVX","04023C104KAT2A","https://www.mouser.com/ProductDetail/KYOCERA-AVX/04023C104KAT2A?qs=nNezP%252BoerbAsgsxxIAjFOw%3D%3D"
"C406","100n","https://www.mouser.com/datasheet/2/40/KGM_X7R-3223212.pdf","Capacitor_SMD:C_0402_1005Metric","1","","KYOCERA AVX","04023C104KAT2A","https://www.mouser.com/ProductDetail/KYOCERA-AVX/04023C104KAT2A?qs=nNezP%252BoerbAsgsxxIAjFOw%3D%3D"
"C407","100n","https://www.mouser.com/datasheet/2/40/KGM_X7R-3223212.pdf","Capacitor_SMD:C_0402_1005Metric","1","","KYOCERA AVX","04023C104KAT2A","https://www.mouser.com/ProductDetail/KYOCERA-AVX/04023C104KAT2A?qs=nNezP%252BoerbAsgsxxIAjFOw%3D%3D"
"C409","100n","https://www.mouser.com/datasheet/2/40/KGM_X7R-3223212.pdf","Capacitor_SMD:C_0402_1005Metric","1","","KYOCERA AVX","04023C104KAT2A","https://www.mouser.com/ProductDetail/KYOCERA-AVX/04023C104KAT2A?qs=nNezP%252BoerbAsgsxxIAjFOw%3D%3D"
"C413","100n","https://www.mouser.com/datasheet/2/40/KGM_X7R-3223212.pdf","Capacitor_SMD:C_0402_1005Metric","1","","KYOCERA AVX","04023C104KAT2A","https://www.mouser.com/ProductDetail/KYOCERA-AVX/04023C104KAT2A?qs=nNezP%252BoerbAsgsxxIAjFOw%3D%3D"
"C414","100n","https://www.mouser.com/datasheet/2/40/KGM_X7R-3223212.pdf","Capacitor_SMD:C_0402_1005Metric","1","","KYOCERA AVX","04023C104KAT2A","https://www.mouser.com/ProductDetail/KYOCERA-AVX/04023C104KAT2A?qs=nNezP%252BoerbAsgsxxIAjFOw%3D%3D"
"C415","100n","https://www.mouser.com/datasheet/2/40/KGM_X7R-3223212.pdf","Capacitor_SMD:C_0402_1005Metric","1","","KYOCERA AVX","04023C104KAT2A","https://www.mouser.com/ProductDetail/KYOCERA-AVX/04023C104KAT2A?qs=nNezP%252BoerbAsgsxxIAjFOw%3D%3D"
"C419","100n","https://www.mouser.com/datasheet/2/40/KGM_X7R-3223212.pdf","Capacitor_SMD:C_0402_1005Metric","1","","KYOCERA AVX","04023C104KAT2A","https://www.mouser.com/ProductDetail/KYOCERA-AVX/04023C104KAT2A?qs=nNezP%252BoerbAsgsxxIAjFOw%3D%3D"
"C601","100n","https://www.mouser.com/datasheet/2/40/KGM_X7R-3223212.pdf","Capacitor_SMD:C_0402_1005Metric","1","","KYOCERA AVX","04023C104KAT2A","https://www.mouser.com/ProductDetail/KYOCERA-AVX/04023C104KAT2A?qs=nNezP%252BoerbAsgsxxIAjFOw%3D%3D"
"C602","100n","https://www.mouser.com/datasheet/2/40/KGM_X7R-3223212.pdf","Capacitor_SMD:C_0402_1005Metric","1","","KYOCERA AVX","04023C104KAT2A","https://www.mouser.com/ProductDetail/KYOCERA-AVX/04023C104KAT2A?qs=nNezP%252BoerbAsgsxxIAjFOw%3D%3D"
"C604","0.1u","https://www.mouser.com/datasheet/2/40/cx5r-2835979.pdf","Capacitor_SMD:C_0402_1005Metric","1","","KYOCERA AVX","04023D104JAT2A","https://www.mouser.com/ProductDetail/KYOCERA-AVX/04023D104JAT2A?qs=r5DSvlrkXmJgSdo5yOX5%2Fw%3D%3D"
"C605","0.1u","https://www.mouser.com/datasheet/2/40/cx5r-2835979.pdf","Capacitor_SMD:C_0402_1005Metric","1","","KYOCERA AVX","04023D104JAT2A","https://www.mouser.com/ProductDetail/KYOCERA-AVX/04023D104JAT2A?qs=r5DSvlrkXmJgSdo5yOX5%2Fw%3D%3D"
"C608","0.1u","https://www.mouser.com/datasheet/2/40/cx5r-2835979.pdf","Capacitor_SMD:C_0402_1005Metric","1","","KYOCERA AVX","04023D104JAT2A","https://www.mouser.com/ProductDetail/KYOCERA-AVX/04023D104JAT2A?qs=r5DSvlrkXmJgSdo5yOX5%2Fw%3D%3D"
"C609","0.1u","https://www.mouser.com/datasheet/2/40/cx5r-2835979.pdf","Capacitor_SMD:C_0402_1005Metric","1","","KYOCERA AVX","04023D104JAT2A","https://www.mouser.com/ProductDetail/KYOCERA-AVX/04023D104JAT2A?qs=r5DSvlrkXmJgSdo5yOX5%2Fw%3D%3D"
"C417","6p8","https://www.mouser.com/datasheet/2/40/C0GNP0_KGM-3216332.pdf","Capacitor_SMD:C_0402_1005Metric","1","","KYOCERA AVX","04025A6R8GAT2A","https://www.mouser.com/ProductDetail/KYOCERA-AVX/04025A6R8GAT2A?qs=k4kUdCzLgS5MU2CGW7q%2F3Q%3D%3D"
"C420","6p8","https://www.mouser.com/datasheet/2/40/C0GNP0_KGM-3216332.pdf","Capacitor_SMD:C_0402_1005Metric","1","","KYOCERA AVX","04025A6R8GAT2A","https://www.mouser.com/ProductDetail/KYOCERA-AVX/04025A6R8GAT2A?qs=k4kUdCzLgS5MU2CGW7q%2F3Q%3D%3D"
"C412","10n","https://www.mouser.com/datasheet/2/40/KGM_X7R-3223212.pdf","Capacitor_SMD:C_0402_1005Metric","1","","KYOCERA AVX","04026C103JAT2A","https://www.mouser.com/ProductDetail/KYOCERA-AVX/04026C103JAT2A?qs=gEbkM7q0lx9TqG94aX5a6Q%3D%3D"
"C408","2u2","https://www.mouser.com/datasheet/2/40/cx5r_KGM-3223198.pdf","Capacitor_SMD:C_0402_1005Metric","1","","KYOCERA AVX","KGM05AR51A225KH","https://www.mouser.com/ProductDetail/KYOCERA-AVX/KGM05AR51A225KH?qs=Jm2GQyTW%2FbiyjPO%2FbUk4tw%3D%3D"
"C301","1u","https://www.mouser.com/datasheet/2/40/KGM_X7R-3223212.pdf","Capacitor_SMD:C_0402_1005Metric","1","","KYOCERA AVX ","KGM05AR70J105KH","https://www.mouser.com/ProductDetail/KYOCERA-AVX/KGM05AR70J105KH?qs=Jm2GQyTW%2FbhjbEFVB5FesQ%3D%3D"
"C302","1u","https://www.mouser.com/datasheet/2/40/KGM_X7R-3223212.pdf","Capacitor_SMD:C_0402_1005Metric","1","","KYOCERA AVX ","KGM05AR70J105KH","https://www.mouser.com/ProductDetail/KYOCERA-AVX/KGM05AR70J105KH?qs=Jm2GQyTW%2FbhjbEFVB5FesQ%3D%3D"
"C410","1u","https://www.mouser.com/datasheet/2/40/KGM_X7R-3223212.pdf","Capacitor_SMD:C_0402_1005Metric","1","","KYOCERA AVX ","KGM05AR70J105KH","https://www.mouser.com/ProductDetail/KYOCERA-AVX/KGM05AR70J105KH?qs=Jm2GQyTW%2FbhjbEFVB5FesQ%3D%3D"
"C411","1u","https://www.mouser.com/datasheet/2/40/KGM_X7R-3223212.pdf","Capacitor_SMD:C_0402_1005Metric","1","","KYOCERA AVX ","KGM05AR70J105KH","https://www.mouser.com/ProductDetail/KYOCERA-AVX/KGM05AR70J105KH?qs=Jm2GQyTW%2FbhjbEFVB5FesQ%3D%3D"
"C511","1u","https://www.mouser.com/datasheet/2/40/KGM_X7R-3223212.pdf","Capacitor_SMD:C_0402_1005Metric","1","","KYOCERA AVX ","KGM05AR70J105KH","https://www.mouser.com/ProductDetail/KYOCERA-AVX/KGM05AR70J105KH?qs=Jm2GQyTW%2FbhjbEFVB5FesQ%3D%3D"
"C512","1u","https://www.mouser.com/datasheet/2/40/KGM_X7R-3223212.pdf","Capacitor_SMD:C_0402_1005Metric","1","","KYOCERA AVX ","KGM05AR70J105KH","https://www.mouser.com/ProductDetail/KYOCERA-AVX/KGM05AR70J105KH?qs=Jm2GQyTW%2FbhjbEFVB5FesQ%3D%3D"
"C304","47u","https://www.mouser.com/datasheet/2/40/cx5r_KGM-3223198.pdf","Capacitor_SMD:C_0603_1608Metric","1","","KYOCERA AVX ","KGM15CR50J476MT","https://www.mouser.com/ProductDetail/KYOCERA-AVX/KGM15CR50J476MT?qs=Jm2GQyTW%2FbjG5%252BWRMk5Okw%3D%3D"
"C305","47u","https://www.mouser.com/datasheet/2/40/cx5r_KGM-3223198.pdf","Capacitor_SMD:C_0603_1608Metric","1","","KYOCERA AVX ","KGM15CR50J476MT","https://www.mouser.com/ProductDetail/KYOCERA-AVX/KGM15CR50J476MT?qs=Jm2GQyTW%2FbjG5%252BWRMk5Okw%3D%3D"
"C308","47u","https://www.mouser.com/datasheet/2/40/cx5r_KGM-3223198.pdf","Capacitor_SMD:C_0603_1608Metric","1","","KYOCERA AVX ","KGM15CR50J476MT","https://www.mouser.com/ProductDetail/KYOCERA-AVX/KGM15CR50J476MT?qs=Jm2GQyTW%2FbjG5%252BWRMk5Okw%3D%3D"
"C309","47u","https://www.mouser.com/datasheet/2/40/cx5r_KGM-3223198.pdf","Capacitor_SMD:C_0603_1608Metric","1","","KYOCERA AVX ","KGM15CR50J476MT","https://www.mouser.com/ProductDetail/KYOCERA-AVX/KGM15CR50J476MT?qs=Jm2GQyTW%2FbjG5%252BWRMk5Okw%3D%3D"
"C203","10u","https://www.mouser.com/datasheet/2/40/cx5r_KGM-3223198.pdf","Capacitor_SMD:C_0603_1608Metric","1","","KYOCERA AVX","KGM15CR51A106KT","https://www.mouser.com/ProductDetail/KYOCERA-AVX/KGM15CR51A106KT?qs=Jm2GQyTW%2FbjXWeIrE371aQ%3D%3D"
"C204","10u","https://www.mouser.com/datasheet/2/40/cx5r_KGM-3223198.pdf","Capacitor_SMD:C_0603_1608Metric","1","","KYOCERA AVX","KGM15CR51A106KT","https://www.mouser.com/ProductDetail/KYOCERA-AVX/KGM15CR51A106KT?qs=Jm2GQyTW%2FbjXWeIrE371aQ%3D%3D"
"C303","10u","https://www.mouser.com/datasheet/2/40/cx5r_KGM-3223198.pdf","Capacitor_SMD:C_0603_1608Metric","1","","KYOCERA AVX","KGM15CR51A106KT","https://www.mouser.com/ProductDetail/KYOCERA-AVX/KGM15CR51A106KT?qs=Jm2GQyTW%2FbjXWeIrE371aQ%3D%3D"
"C307","10u","https://www.mouser.com/datasheet/2/40/cx5r_KGM-3223198.pdf","Capacitor_SMD:C_0603_1608Metric","1","","KYOCERA AVX","KGM15CR51A106KT","https://www.mouser.com/ProductDetail/KYOCERA-AVX/KGM15CR51A106KT?qs=Jm2GQyTW%2FbjXWeIrE371aQ%3D%3D"
"C416","10u","https://www.mouser.com/datasheet/2/40/cx5r_KGM-3223198.pdf","Capacitor_SMD:C_0603_1608Metric","1","","KYOCERA AVX","KGM15CR51A106KT","https://www.mouser.com/ProductDetail/KYOCERA-AVX/KGM15CR51A106KT?qs=Jm2GQyTW%2FbjXWeIrE371aQ%3D%3D"
"C603","10u","https://www.mouser.com/datasheet/2/40/cx5r_KGM-3223198.pdf","Capacitor_SMD:C_0603_1608Metric","1","","KYOCERA AVX","KGM15CR51A106KT","https://www.mouser.com/ProductDetail/KYOCERA-AVX/KGM15CR51A106KT?qs=Jm2GQyTW%2FbjXWeIrE371aQ%3D%3D"
"C606","10u","https://www.mouser.com/datasheet/2/40/cx5r_KGM-3223198.pdf","Capacitor_SMD:C_0603_1608Metric","1","","KYOCERA AVX","KGM15CR51A106KT","https://www.mouser.com/ProductDetail/KYOCERA-AVX/KGM15CR51A106KT?qs=Jm2GQyTW%2FbjXWeIrE371aQ%3D%3D"
"C607","10u","https://www.mouser.com/datasheet/2/40/cx5r_KGM-3223198.pdf","Capacitor_SMD:C_0603_1608Metric","1","","KYOCERA AVX","KGM15CR51A106KT","https://www.mouser.com/ProductDetail/KYOCERA-AVX/KGM15CR51A106KT?qs=Jm2GQyTW%2FbjXWeIrE371aQ%3D%3D"
"FB601","FerriteBead","https://www.mouser.com/datasheet/2/281/ENFA0024-1915604.pdf","EMS:BLM15HD182SN1D","1","","Murata Electronics","BLM15HD182SN1D","https://www.mouser.com/ProductDetail/Murata-Electronics/BLM15HD182SN1D?qs=0VEDk56ETToBhybuH4wvpA%3D%3D"
"FB602","FerriteBead","https://www.mouser.com/datasheet/2/281/ENFA0024-1915604.pdf","EMS:BLM15HD182SN1D","1","","Murata Electronics","BLM15HD182SN1D","https://www.mouser.com/ProductDetail/Murata-Electronics/BLM15HD182SN1D?qs=0VEDk56ETToBhybuH4wvpA%3D%3D"
"C501","10p","https://www.mouser.com/datasheet/2/281/1/GCM1885C2A100JA16_01A-3143030.pdf","Capacitor_SMD:C_0603_1608Metric","1","","Murata Electronics","GCM1885C2A100JA16D","https://www.mouser.com/ProductDetail/Murata-Electronics/GCM1885C2A100JA16D?qs=aEuGZpxfbxWHMoMFqJj3mw%3D%3D"
"C503","10p","https://www.mouser.com/datasheet/2/281/1/GCM1885C2A100JA16_01A-3143030.pdf","Capacitor_SMD:C_0603_1608Metric","1","","Murata Electronics","GCM1885C2A100JA16D","https://www.mouser.com/ProductDetail/Murata-Electronics/GCM1885C2A100JA16D?qs=aEuGZpxfbxWHMoMFqJj3mw%3D%3D"
"C504","10p","https://www.mouser.com/datasheet/2/281/1/GCM1885C2A100JA16_01A-3143030.pdf","Capacitor_SMD:C_0603_1608Metric","1","","Murata Electronics","GCM1885C2A100JA16D","https://www.mouser.com/ProductDetail/Murata-Electronics/GCM1885C2A100JA16D?qs=aEuGZpxfbxWHMoMFqJj3mw%3D%3D"
"C506","10p","https://www.mouser.com/datasheet/2/281/1/GCM1885C2A100JA16_01A-3143030.pdf","Capacitor_SMD:C_0603_1608Metric","1","","Murata Electronics","GCM1885C2A100JA16D","https://www.mouser.com/ProductDetail/Murata-Electronics/GCM1885C2A100JA16D?qs=aEuGZpxfbxWHMoMFqJj3mw%3D%3D"
"C507","10p","https://www.mouser.com/datasheet/2/281/1/GCM1885C2A100JA16_01A-3143030.pdf","Capacitor_SMD:C_0603_1608Metric","1","","Murata Electronics","GCM1885C2A100JA16D","https://www.mouser.com/ProductDetail/Murata-Electronics/GCM1885C2A100JA16D?qs=aEuGZpxfbxWHMoMFqJj3mw%3D%3D"
"C509","10p","https://www.mouser.com/datasheet/2/281/1/GCM1885C2A100JA16_01A-3143030.pdf","Capacitor_SMD:C_0603_1608Metric","1","","Murata Electronics","GCM1885C2A100JA16D","https://www.mouser.com/ProductDetail/Murata-Electronics/GCM1885C2A100JA16D?qs=aEuGZpxfbxWHMoMFqJj3mw%3D%3D"
"C513","10p","https://www.mouser.com/datasheet/2/281/1/GCM1885C2A100JA16_01A-3143030.pdf","Capacitor_SMD:C_0603_1608Metric","1","","Murata Electronics","GCM1885C2A100JA16D","https://www.mouser.com/ProductDetail/Murata-Electronics/GCM1885C2A100JA16D?qs=aEuGZpxfbxWHMoMFqJj3mw%3D%3D"
"C514","10p","https://www.mouser.com/datasheet/2/281/1/GCM1885C2A100JA16_01A-3143030.pdf","Capacitor_SMD:C_0603_1608Metric","1","","Murata Electronics","GCM1885C2A100JA16D","https://www.mouser.com/ProductDetail/Murata-Electronics/GCM1885C2A100JA16D?qs=aEuGZpxfbxWHMoMFqJj3mw%3D%3D"
"C516","10p","https://www.mouser.com/datasheet/2/281/1/GCM1885C2A100JA16_01A-3143030.pdf","Capacitor_SMD:C_0603_1608Metric","1","","Murata Electronics","GCM1885C2A100JA16D","https://www.mouser.com/ProductDetail/Murata-Electronics/GCM1885C2A100JA16D?qs=aEuGZpxfbxWHMoMFqJj3mw%3D%3D"
"C518","10p","https://www.mouser.com/datasheet/2/281/1/GCM1885C2A100JA16_01A-3143030.pdf","Capacitor_SMD:C_0603_1608Metric","1","","Murata Electronics","GCM1885C2A100JA16D","https://www.mouser.com/ProductDetail/Murata-Electronics/GCM1885C2A100JA16D?qs=aEuGZpxfbxWHMoMFqJj3mw%3D%3D"
"C418","5p6","~","Capacitor_SMD:C_0402_1005Metric","1","","Murata Electronics","GJM1555C1H5R6FB01D","https://www.mouser.com/ProductDetail/Murata-Electronics/GJM1555C1H5R6FB01D?qs=ui%252B2d9lVEI7IxjS9Vv%252BuoQ%3D%3D"
"C421","5p6","~","Capacitor_SMD:C_0402_1005Metric","1","","Murata Electronics","GJM1555C1H5R6FB01D","https://www.mouser.com/ProductDetail/Murata-Electronics/GJM1555C1H5R6FB01D?qs=ui%252B2d9lVEI7IxjS9Vv%252BuoQ%3D%3D"
"L302","10u","https://www.mouser.com/datasheet/2/281/JELF243B-0017-1699577.pdf","Inductor_SMD:L_0805_2012Metric","1","","Murata Electronics","LQM21FN100M80L","https://www.mouser.com/ProductDetail/Murata-Electronics/LQM21FN100M80L?qs=%2F%252BYoplLUB5jHVlRNWlo0OQ%3D%3D"
"L304","10u","https://www.mouser.com/datasheet/2/281/JELF243B-0017-1699577.pdf","Inductor_SMD:L_0805_2012Metric","1","","Murata Electronics","LQM21FN100M80L","https://www.mouser.com/ProductDetail/Murata-Electronics/LQM21FN100M80L?qs=%2F%252BYoplLUB5jHVlRNWlo0OQ%3D%3D"
"Y402","32.768KHz","https://www.mouser.com/datasheet/2/905/c_NX3215SA_e-2580713.pdf","Crystal:Crystal_SMD_3215-2Pin_3.2x1.5mm","1","","NDK","NX3215SA-32.768K-STD-MUA-14","https://www.mouser.com/ProductDetail/NDK/NX3215SA-32.768K-STD-MUA-14?qs=55YtniHzbhCTyKGENMTVrQ%3D%3D"
"Y401","16MHz","https://www.mouser.com/datasheet/2/905/ndk_08142018_NX3225GA-27.000M-STD-CRG-1-1389019.pdf","Crystal:Crystal_SMD_3225-4Pin_3.2x2.5mm","1","","NDK","NX3225GA-16.000M-STD-CRG-1","https://www.mouser.com/ProductDetail/NDK/NX3225GA-16.000M-STD-CRG-1?qs=w%2Fv1CP2dgqoXpUM1IL2g%252Bw%3D%3D"
"C306","10u","https://www.mouser.com/datasheet/2/315/AAB8000C232-1131435.pdf","EMS:10SVPS10M","1","","Panasonic","10SVPS10M","https://www.mouser.com/ProductDetail/Panasonic/10SVPS10M?qs=ZsfFHnjSocuoc6qZXKY4bQ%3D%3D"
"C310","10u","https://www.mouser.com/datasheet/2/315/AAB8000C232-1131435.pdf","EMS:10SVPS10M","1","","Panasonic","10SVPS10M","https://www.mouser.com/ProductDetail/Panasonic/10SVPS10M?qs=ZsfFHnjSocuoc6qZXKY4bQ%3D%3D"
"R536","62k","https://www.mouser.com/datasheet/2/315/Panasonic_01052021_Resistor_Thick_FIlm_HI_Temp_ERJ-1950704.pdf","Resistor_SMD:R_0603_1608Metric","1","","Panasonic","ERJ-H3EF6202V","https://www.mouser.com/ProductDetail/Panasonic/ERJ-H3EF6202V?qs=eP2BKZSCXI5gtwgzMR2k3w%3D%3D"
"R545","62k","https://www.mouser.com/datasheet/2/315/Panasonic_01052021_Resistor_Thick_FIlm_HI_Temp_ERJ-1950704.pdf","Resistor_SMD:R_0603_1608Metric","1","","Panasonic","ERJ-H3EF6202V","https://www.mouser.com/ProductDetail/Panasonic/ERJ-H3EF6202V?qs=eP2BKZSCXI5gtwgzMR2k3w%3D%3D"
"R554","62k","https://www.mouser.com/datasheet/2/315/Panasonic_01052021_Resistor_Thick_FIlm_HI_Temp_ERJ-1950704.pdf","Resistor_SMD:R_0603_1608Metric","1","","Panasonic","ERJ-H3EF6202V","https://www.mouser.com/ProductDetail/Panasonic/ERJ-H3EF6202V?qs=eP2BKZSCXI5gtwgzMR2k3w%3D%3D"
"R530","2k","https://www.mouser.com/datasheet/2/315/AOA0000C331-1141874.pdf","Resistor_SMD:R_0603_1608Metric","1","","Panasonic","ERJ-PA3F2001V","https://www.mouser.com/ProductDetail/Panasonic/ERJ-PA3F2001V?qs=BzJM0faLVqX48axB4MDEgw%3D%3D"
"R542","2k","https://www.mouser.com/datasheet/2/315/AOA0000C331-1141874.pdf","Resistor_SMD:R_0603_1608Metric","1","","Panasonic","ERJ-PA3F2001V","https://www.mouser.com/ProductDetail/Panasonic/ERJ-PA3F2001V?qs=BzJM0faLVqX48axB4MDEgw%3D%3D"
"R551","2k","https://www.mouser.com/datasheet/2/315/AOA0000C331-1141874.pdf","Resistor_SMD:R_0603_1608Metric","1","","Panasonic","ERJ-PA3F2001V","https://www.mouser.com/ProductDetail/Panasonic/ERJ-PA3F2001V?qs=BzJM0faLVqX48axB4MDEgw%3D%3D"
"R407","22R","https://www.mouser.com/datasheet/2/315/AOA0000C334-1314047.pdf","Resistor_SMD:R_0603_1608Metric","1","","Panasonic","ERJ-S03F22R0V","https://www.mouser.com/ProductDetail/Panasonic/ERJ-S03F22R0V?qs=sGAEpiMZZMvdGkrng054t59%2FMXCyyixeZfkxx1NkMqo%3D"
"R408","22R","https://www.mouser.com/datasheet/2/315/AOA0000C334-1314047.pdf","Resistor_SMD:R_0603_1608Metric","1","","Panasonic","ERJ-S03F22R0V","https://www.mouser.com/ProductDetail/Panasonic/ERJ-S03F22R0V?qs=sGAEpiMZZMvdGkrng054t59%2FMXCyyixeZfkxx1NkMqo%3D"
"R409","22R","https://www.mouser.com/datasheet/2/315/AOA0000C334-1314047.pdf","Resistor_SMD:R_0603_1608Metric","1","","Panasonic","ERJ-S03F22R0V","https://www.mouser.com/ProductDetail/Panasonic/ERJ-S03F22R0V?qs=sGAEpiMZZMvdGkrng054t59%2FMXCyyixeZfkxx1NkMqo%3D"
"J202","Screw_Terminal_01x02","https://www.phoenixcontact.com/us/products/1548128/pdf","TerminalBlock_Phoenix:TerminalBlock_Phoenix_MKDS-1,5-2-5.08_1x02_P5.08mm_Horizontal","1","","Phoenix Contact","1548128","https://www.mouser.com/ProductDetail/Phoenix-Contact/1548128?qs=ulEaXIWI0c87QOzP9yohxA%3D%3D"
"J501","Screw_Terminal_01x02","https://www.phoenixcontact.com/us/products/1548128/pdf","TerminalBlock_Phoenix:TerminalBlock_Phoenix_MKDS-1,5-2-5.08_1x02_P5.08mm_Horizontal","1","","Phoenix Contact","1548128","https://www.mouser.com/ProductDetail/Phoenix-Contact/1548128?qs=ulEaXIWI0c87QOzP9yohxA%3D%3D"
"J502","Screw_Terminal_01x02","https://www.phoenixcontact.com/us/products/1548128/pdf","TerminalBlock_Phoenix:TerminalBlock_Phoenix_MKDS-1,5-2-5.08_1x02_P5.08mm_Horizontal","1","","Phoenix Contact","1548128","https://www.mouser.com/ProductDetail/Phoenix-Contact/1548128?qs=ulEaXIWI0c87QOzP9yohxA%3D%3D"
"J503","Screw_Terminal_01x02","https://www.phoenixcontact.com/us/products/1548128/pdf","TerminalBlock_Phoenix:TerminalBlock_Phoenix_MKDS-1,5-2-5.08_1x02_P5.08mm_Horizontal","1","","Phoenix Contact","1548128","https://www.mouser.com/ProductDetail/Phoenix-Contact/1548128?qs=ulEaXIWI0c87QOzP9yohxA%3D%3D"
"J504","Screw_Terminal_01x02","https://www.phoenixcontact.com/us/products/1548128/pdf","TerminalBlock_Phoenix:TerminalBlock_Phoenix_MKDS-1,5-2-5.08_1x02_P5.08mm_Horizontal","1","","Phoenix Contact","1548128","https://www.mouser.com/ProductDetail/Phoenix-Contact/1548128?qs=ulEaXIWI0c87QOzP9yohxA%3D%3D"
"J505","Screw_Terminal_01x02","https://www.phoenixcontact.com/us/products/1548128/pdf","TerminalBlock_Phoenix:TerminalBlock_Phoenix_MKDS-1,5-2-5.08_1x02_P5.08mm_Horizontal","1","","Phoenix Contact","1548128","https://www.mouser.com/ProductDetail/Phoenix-Contact/1548128?qs=ulEaXIWI0c87QOzP9yohxA%3D%3D"
"J506","Screw_Terminal_01x02","https://www.phoenixcontact.com/us/products/1548128/pdf","TerminalBlock_Phoenix:TerminalBlock_Phoenix_MKDS-1,5-2-5.08_1x02_P5.08mm_Horizontal","1","","Phoenix Contact","1548128","https://www.mouser.com/ProductDetail/Phoenix-Contact/1548128?qs=ulEaXIWI0c87QOzP9yohxA%3D%3D"
"J602","Screw_Terminal_01x03","https://www.phoenixcontact.com/us/products/1548129/pdf","TerminalBlock_Phoenix:TerminalBlock_Phoenix_MKDS-1,5-3-5.08_1x03_P5.08mm_Horizontal","1","","Phoenix Contact","1548129","https://www.mouser.com/ProductDetail/Phoenix-Contact/1548129?qs=ulEaXIWI0c%2FYtJCBk3iUtQ%3D%3D"
"R522","33R","https://www.rohm.com/datasheet?p=ESR03EZPF&dist=Mouser&media=referral&source=mouser.com&campaign=Mouser","Resistor_SMD:R_0603_1608Metric","1","","ROHM Semiconductor","ESR03EZPF33R0","https://www.mouser.com/ProductDetail/ROHM-Semiconductor/ESR03EZPF33R0?qs=493kPxzlxfImjDH5P%252Bz4Hw%3D%3D"
"R524","33R","https://www.rohm.com/datasheet?p=ESR03EZPF&dist=Mouser&media=referral&source=mouser.com&campaign=Mouser","Resistor_SMD:R_0603_1608Metric","1","","ROHM Semiconductor","ESR03EZPF33R0","https://www.mouser.com/ProductDetail/ROHM-Semiconductor/ESR03EZPF33R0?qs=493kPxzlxfImjDH5P%252Bz4Hw%3D%3D"
"R525","33R","https://www.rohm.com/datasheet?p=ESR03EZPF&dist=Mouser&media=referral&source=mouser.com&campaign=Mouser","Resistor_SMD:R_0603_1608Metric","1","","ROHM Semiconductor","ESR03EZPF33R0","https://www.mouser.com/ProductDetail/ROHM-Semiconductor/ESR03EZPF33R0?qs=493kPxzlxfImjDH5P%252Bz4Hw%3D%3D"
"R528","33R","https://www.rohm.com/datasheet?p=ESR03EZPF&dist=Mouser&media=referral&source=mouser.com&campaign=Mouser","Resistor_SMD:R_0603_1608Metric","1","","ROHM Semiconductor","ESR03EZPF33R0","https://www.mouser.com/ProductDetail/ROHM-Semiconductor/ESR03EZPF33R0?qs=493kPxzlxfImjDH5P%252Bz4Hw%3D%3D"
"R531","33R","https://www.rohm.com/datasheet?p=ESR03EZPF&dist=Mouser&media=referral&source=mouser.com&campaign=Mouser","Resistor_SMD:R_0603_1608Metric","1","","ROHM Semiconductor","ESR03EZPF33R0","https://www.mouser.com/ProductDetail/ROHM-Semiconductor/ESR03EZPF33R0?qs=493kPxzlxfImjDH5P%252Bz4Hw%3D%3D"
"R535","33R","https://www.rohm.com/datasheet?p=ESR03EZPF&dist=Mouser&media=referral&source=mouser.com&campaign=Mouser","Resistor_SMD:R_0603_1608Metric","1","","ROHM Semiconductor","ESR03EZPF33R0","https://www.mouser.com/ProductDetail/ROHM-Semiconductor/ESR03EZPF33R0?qs=493kPxzlxfImjDH5P%252Bz4Hw%3D%3D"
"R202","120R","https://www.rohm.com/datasheet?p=SFR01MZPF&dist=Mouser&media=referral&source=mouser.com&campaign=Mouser","Resistor_SMD:R_0402_1005Metric","1","","ROHM Semiconductor","SFR01MZPF1200","https://www.mouser.com/ProductDetail/ROHM-Semiconductor/SFR01MZPF1200?qs=byeeYqUIh0O51%2Fd5wyiQxA%3D%3D"
"R601","120R","https://www.rohm.com/datasheet?p=SFR01MZPF&dist=Mouser&media=referral&source=mouser.com&campaign=Mouser","Resistor_SMD:R_0402_1005Metric","1","","ROHM Semiconductor","SFR01MZPF1200","https://www.mouser.com/ProductDetail/ROHM-Semiconductor/SFR01MZPF1200?qs=byeeYqUIh0O51%2Fd5wyiQxA%3D%3D"
"R203","2k7","https://www.rohm.com/datasheet?p=SFR03EZPF&dist=Mouser&media=referral&source=mouser.com&campaign=Mouser","Resistor_SMD:R_0603_1608Metric","1","","ROHM Semiconductor","SFR03EZPF2701","https://www.mouser.com/ProductDetail/ROHM-Semiconductor/SFR03EZPF2701?qs=Mv7BduZupUiLN9LTZV3rpg%3D%3D"
"L301","2u2","https://www.mouser.com/datasheet/2/396/mlci11_e-1396627.pdf","Inductor_SMD:L_0603_1608Metric","1","","TAIYO YUDEN","MCHK1608T2R2MKN","https://www.mouser.com/ProductDetail/TAIYO-YUDEN/MCHK1608T2R2MKN?qs=hWgE7mdIu5TOfQbNfL22HA%3D%3D"
"L303","2u2","https://www.mouser.com/datasheet/2/396/mlci11_e-1396627.pdf","Inductor_SMD:L_0603_1608Metric","1","","TAIYO YUDEN","MCHK1608T2R2MKN","https://www.mouser.com/ProductDetail/TAIYO-YUDEN/MCHK1608T2R2MKN?qs=hWgE7mdIu5TOfQbNfL22HA%3D%3D"
"C510","220n","https://product.tdk.com/system/files/dam/doc/product/capacitor/ceramic/mlcc/catalog/mlcc_automotive_soft_en.pdf?ref_disty=mouser","Capacitor_SMD:C_0402_1005Metric","1","","TDK","CGA2B2X7R1C224K050BE","https://www.mouser.com/ProductDetail/TDK/CGA2B2X7R1C224K050BE?qs=nQSIdc08i%252Be%2FATrJWqG41w%3D%3D"
"C502","6800p","https://product.tdk.com/system/files/dam/doc/product/capacitor/ceramic/mlcc/catalog/mlcc_automotive_esd_en.pdf?ref_disty=mouser","Capacitor_SMD:C_0603_1608Metric","1","","TDK","CGA3EANP02A682J080AC","https://www.mouser.com/ProductDetail/TDK/CGA3EANP02A682J080AC?qs=6JAMGB%252BEdkzgcWV5VX6J2Q%3D%3D"
"C505","6800p","https://product.tdk.com/system/files/dam/doc/product/capacitor/ceramic/mlcc/catalog/mlcc_automotive_esd_en.pdf?ref_disty=mouser","Capacitor_SMD:C_0603_1608Metric","1","","TDK","CGA3EANP02A682J080AC","https://www.mouser.com/ProductDetail/TDK/CGA3EANP02A682J080AC?qs=6JAMGB%252BEdkzgcWV5VX6J2Q%3D%3D"
"C508","6800p","https://product.tdk.com/system/files/dam/doc/product/capacitor/ceramic/mlcc/catalog/mlcc_automotive_esd_en.pdf?ref_disty=mouser","Capacitor_SMD:C_0603_1608Metric","1","","TDK","CGA3EANP02A682J080AC","https://www.mouser.com/ProductDetail/TDK/CGA3EANP02A682J080AC?qs=6JAMGB%252BEdkzgcWV5VX6J2Q%3D%3D"
"C515","6800p","https://product.tdk.com/system/files/dam/doc/product/capacitor/ceramic/mlcc/catalog/mlcc_automotive_esd_en.pdf?ref_disty=mouser","Capacitor_SMD:C_0603_1608Metric","1","","TDK","CGA3EANP02A682J080AC","https://www.mouser.com/ProductDetail/TDK/CGA3EANP02A682J080AC?qs=6JAMGB%252BEdkzgcWV5VX6J2Q%3D%3D"
"C517","6800p","https://product.tdk.com/system/files/dam/doc/product/capacitor/ceramic/mlcc/catalog/mlcc_automotive_esd_en.pdf?ref_disty=mouser","Capacitor_SMD:C_0603_1608Metric","1","","TDK","CGA3EANP02A682J080AC","https://www.mouser.com/ProductDetail/TDK/CGA3EANP02A682J080AC?qs=6JAMGB%252BEdkzgcWV5VX6J2Q%3D%3D"
"C519","6800p","https://product.tdk.com/system/files/dam/doc/product/capacitor/ceramic/mlcc/catalog/mlcc_automotive_esd_en.pdf?ref_disty=mouser","Capacitor_SMD:C_0603_1608Metric","1","","TDK","CGA3EANP02A682J080AC","https://www.mouser.com/ProductDetail/TDK/CGA3EANP02A682J080AC?qs=6JAMGB%252BEdkzgcWV5VX6J2Q%3D%3D"
"U501","ADS131M08IRSNR","https://www.ti.com/lit/gpn/ads131m08","EMS:ADS131M08IRSNR-QFN40","1","","Texas Instruments","ADS131M08IRSNR","https://www.mouser.com/ProductDetail/Texas-Instruments/ADS131M08IRSNR?qs=iLbezkQI%252BsiKQHmiUzcSQg%3D%3D"
"R301","100k","https://www.vishay.com/doc?20035","Resistor_SMD:R_0603_1608Metric","1","","Vishay/Dale","CRCW0603100KFKEE","https://www.mouser.com/ProductDetail/Vishay-Dale/CRCW0603100KFKEE?qs=%252B6g0mu59x7I1D%252BO0qMg%252Bjg%3D%3D"
"R302","100k","https://www.vishay.com/doc?20035","Resistor_SMD:R_0603_1608Metric","1","","Vishay/Dale","CRCW0603100KFKEE","https://www.mouser.com/ProductDetail/Vishay-Dale/CRCW0603100KFKEE?qs=%252B6g0mu59x7I1D%252BO0qMg%252Bjg%3D%3D"
"R529","100k","https://www.vishay.com/doc?20035","Resistor_SMD:R_0603_1608Metric","1","","Vishay/Dale","CRCW0603100KFKEE","https://www.mouser.com/ProductDetail/Vishay-Dale/CRCW0603100KFKEE?qs=%252B6g0mu59x7I1D%252BO0qMg%252Bjg%3D%3D"
"R532","100k","https://www.vishay.com/doc?20035","Resistor_SMD:R_0603_1608Metric","1","","Vishay/Dale","CRCW0603100KFKEE","https://www.mouser.com/ProductDetail/Vishay-Dale/CRCW0603100KFKEE?qs=%252B6g0mu59x7I1D%252BO0qMg%252Bjg%3D%3D"
"R533","100k","https://www.vishay.com/doc?20035","Resistor_SMD:R_0603_1608Metric","1","","Vishay/Dale","CRCW0603100KFKEE","https://www.mouser.com/ProductDetail/Vishay-Dale/CRCW0603100KFKEE?qs=%252B6g0mu59x7I1D%252BO0qMg%252Bjg%3D%3D"
"R534","100k","https://www.vishay.com/doc?20035","Resistor_SMD:R_0603_1608Metric","1","","Vishay/Dale","CRCW0603100KFKEE","https://www.mouser.com/ProductDetail/Vishay-Dale/CRCW0603100KFKEE?qs=%252B6g0mu59x7I1D%252BO0qMg%252Bjg%3D%3D"
"R537","100k","https://www.vishay.com/doc?20035","Resistor_SMD:R_0603_1608Metric","1","","Vishay/Dale","CRCW0603100KFKEE","https://www.mouser.com/ProductDetail/Vishay-Dale/CRCW0603100KFKEE?qs=%252B6g0mu59x7I1D%252BO0qMg%252Bjg%3D%3D"
"R539","100k","https://www.vishay.com/doc?20035","Resistor_SMD:R_0603_1608Metric","1","","Vishay/Dale","CRCW0603100KFKEE","https://www.mouser.com/ProductDetail/Vishay-Dale/CRCW0603100KFKEE?qs=%252B6g0mu59x7I1D%252BO0qMg%252Bjg%3D%3D"
"R543","100k","https://www.vishay.com/doc?20035","Resistor_SMD:R_0603_1608Metric","1","","Vishay/Dale","CRCW0603100KFKEE","https://www.mouser.com/ProductDetail/Vishay-Dale/CRCW0603100KFKEE?qs=%252B6g0mu59x7I1D%252BO0qMg%252Bjg%3D%3D"
"R544","100k","https://www.vishay.com/doc?20035","Resistor_SMD:R_0603_1608Metric","1","","Vishay/Dale","CRCW0603100KFKEE","https://www.mouser.com/ProductDetail/Vishay-Dale/CRCW0603100KFKEE?qs=%252B6g0mu59x7I1D%252BO0qMg%252Bjg%3D%3D"
"R546","100k","https://www.vishay.com/doc?20035","Resistor_SMD:R_0603_1608Metric","1","","Vishay/Dale","CRCW0603100KFKEE","https://www.mouser.com/ProductDetail/Vishay-Dale/CRCW0603100KFKEE?qs=%252B6g0mu59x7I1D%252BO0qMg%252Bjg%3D%3D"
"R548","100k","https://www.vishay.com/doc?20035","Resistor_SMD:R_0603_1608Metric","1","","Vishay/Dale","CRCW0603100KFKEE","https://www.mouser.com/ProductDetail/Vishay-Dale/CRCW0603100KFKEE?qs=%252B6g0mu59x7I1D%252BO0qMg%252Bjg%3D%3D"
"R552","100k","https://www.vishay.com/doc?20035","Resistor_SMD:R_0603_1608Metric","1","","Vishay/Dale","CRCW0603100KFKEE","https://www.mouser.com/ProductDetail/Vishay-Dale/CRCW0603100KFKEE?qs=%252B6g0mu59x7I1D%252BO0qMg%252Bjg%3D%3D"
"R553","100k","https://www.vishay.com/doc?20035","Resistor_SMD:R_0603_1608Metric","1","","Vishay/Dale","CRCW0603100KFKEE","https://www.mouser.com/ProductDetail/Vishay-Dale/CRCW0603100KFKEE?qs=%252B6g0mu59x7I1D%252BO0qMg%252Bjg%3D%3D"
"R555","100k","https://www.vishay.com/doc?20035","Resistor_SMD:R_0603_1608Metric","1","","Vishay/Dale","CRCW0603100KFKEE","https://www.mouser.com/ProductDetail/Vishay-Dale/CRCW0603100KFKEE?qs=%252B6g0mu59x7I1D%252BO0qMg%252Bjg%3D%3D"
"R557","100k","https://www.vishay.com/doc?20035","Resistor_SMD:R_0603_1608Metric","1","","Vishay/Dale","CRCW0603100KFKEE","https://www.mouser.com/ProductDetail/Vishay-Dale/CRCW0603100KFKEE?qs=%252B6g0mu59x7I1D%252BO0qMg%252Bjg%3D%3D"
"R201","10k","https://www.vishay.com/doc?20035","Resistor_SMD:R_0603_1608Metric","1","","Vishay/Dale","CRCW060310K0FKEI","https://www.mouser.com/ProductDetail/Vishay-Dale/CRCW060310K0FKEI?qs=3qWEzBg5KnKofE%252B8acPBRA%3D%3D"
"R405","10k","https://www.vishay.com/doc?20035","Resistor_SMD:R_0603_1608Metric","1","","Vishay/Dale","CRCW060310K0FKEI","https://www.mouser.com/ProductDetail/Vishay-Dale/CRCW060310K0FKEI?qs=3qWEzBg5KnKofE%252B8acPBRA%3D%3D"
"R526","10k","https://www.vishay.com/doc?20035","Resistor_SMD:R_0603_1608Metric","1","","Vishay/Dale","CRCW060310K0FKEI","https://www.mouser.com/ProductDetail/Vishay-Dale/CRCW060310K0FKEI?qs=3qWEzBg5KnKofE%252B8acPBRA%3D%3D"
"R538","10k","https://www.vishay.com/doc?20035","Resistor_SMD:R_0603_1608Metric","1","","Vishay/Dale","CRCW060310K0FKEI","https://www.mouser.com/ProductDetail/Vishay-Dale/CRCW060310K0FKEI?qs=3qWEzBg5KnKofE%252B8acPBRA%3D%3D"
"R547","10k","https://www.vishay.com/doc?20035","Resistor_SMD:R_0603_1608Metric","1","","Vishay/Dale","CRCW060310K0FKEI","https://www.mouser.com/ProductDetail/Vishay-Dale/CRCW060310K0FKEI?qs=3qWEzBg5KnKofE%252B8acPBRA%3D%3D"
"R556","10k","https://www.vishay.com/doc?20035","Resistor_SMD:R_0603_1608Metric","1","","Vishay/Dale","CRCW060310K0FKEI","https://www.mouser.com/ProductDetail/Vishay-Dale/CRCW060310K0FKEI?qs=3qWEzBg5KnKofE%252B8acPBRA%3D%3D"
"R411","1k","https://www.vishay.com/doc?20035","Resistor_SMD:R_0603_1608Metric","1","","Vishay/Dale","CRCW06031K00FKEE","https://www.mouser.com/ProductDetail/Vishay-Dale/CRCW06031K00FKEE?qs=%252B6g0mu59x7JNM5l%252Bg7fBgQ%3D%3D"
"R412","1k","https://www.vishay.com/doc?20035","Resistor_SMD:R_0603_1608Metric","1","","Vishay/Dale","CRCW06031K00FKEE","https://www.mouser.com/ProductDetail/Vishay-Dale/CRCW06031K00FKEE?qs=%252B6g0mu59x7JNM5l%252Bg7fBgQ%3D%3D"
"R413","1k","https://www.vishay.com/doc?20035","Resistor_SMD:R_0603_1608Metric","1","","Vishay/Dale","CRCW06031K00FKEE","https://www.mouser.com/ProductDetail/Vishay-Dale/CRCW06031K00FKEE?qs=%252B6g0mu59x7JNM5l%252Bg7fBgQ%3D%3D"
"R504","1k","https://www.vishay.com/doc?20035","Resistor_SMD:R_0603_1608Metric","1","","Vishay/Dale","CRCW06031K00FKEE","https://www.mouser.com/ProductDetail/Vishay-Dale/CRCW06031K00FKEE?qs=%252B6g0mu59x7JNM5l%252Bg7fBgQ%3D%3D"
"R507","1k","https://www.vishay.com/doc?20035","Resistor_SMD:R_0603_1608Metric","1","","Vishay/Dale","CRCW06031K00FKEE","https://www.mouser.com/ProductDetail/Vishay-Dale/CRCW06031K00FKEE?qs=%252B6g0mu59x7JNM5l%252Bg7fBgQ%3D%3D"
"R511","1k","https://www.vishay.com/doc?20035","Resistor_SMD:R_0603_1608Metric","1","","Vishay/Dale","CRCW06031K00FKEE","https://www.mouser.com/ProductDetail/Vishay-Dale/CRCW06031K00FKEE?qs=%252B6g0mu59x7JNM5l%252Bg7fBgQ%3D%3D"
"R514","1k","https://www.vishay.com/doc?20035","Resistor_SMD:R_0603_1608Metric","1","","Vishay/Dale","CRCW06031K00FKEE","https://www.mouser.com/ProductDetail/Vishay-Dale/CRCW06031K00FKEE?qs=%252B6g0mu59x7JNM5l%252Bg7fBgQ%3D%3D"
"R518","1k","https://www.vishay.com/doc?20035","Resistor_SMD:R_0603_1608Metric","1","","Vishay/Dale","CRCW06031K00FKEE","https://www.mouser.com/ProductDetail/Vishay-Dale/CRCW06031K00FKEE?qs=%252B6g0mu59x7JNM5l%252Bg7fBgQ%3D%3D"
"R521","1k","https://www.vishay.com/doc?20035","Resistor_SMD:R_0603_1608Metric","1","","Vishay/Dale","CRCW06031K00FKEE","https://www.mouser.com/ProductDetail/Vishay-Dale/CRCW06031K00FKEE?qs=%252B6g0mu59x7JNM5l%252Bg7fBgQ%3D%3D"
"R527","1k","https://www.vishay.com/doc?20035","Resistor_SMD:R_0603_1608Metric","1","","Vishay/Dale","CRCW06031K00FKEE","https://www.mouser.com/ProductDetail/Vishay-Dale/CRCW06031K00FKEE?qs=%252B6g0mu59x7JNM5l%252Bg7fBgQ%3D%3D"
"R541","1k","https://www.vishay.com/doc?20035","Resistor_SMD:R_0603_1608Metric","1","","Vishay/Dale","CRCW06031K00FKEE","https://www.mouser.com/ProductDetail/Vishay-Dale/CRCW06031K00FKEE?qs=%252B6g0mu59x7JNM5l%252Bg7fBgQ%3D%3D"
"R550","1k","https://www.vishay.com/doc?20035","Resistor_SMD:R_0603_1608Metric","1","","Vishay/Dale","CRCW06031K00FKEE","https://www.mouser.com/ProductDetail/Vishay-Dale/CRCW06031K00FKEE?qs=%252B6g0mu59x7JNM5l%252Bg7fBgQ%3D%3D"
"R406","47k","https://www.vishay.com/doc?20043","Resistor_SMD:R_0603_1608Metric","1","","Vishay/Dale","CRCW060347K0FKEAHP","https://www.mouser.com/ProductDetail/Vishay-Dale/CRCW060347K0FKEAHP?qs=k2%2FDWSARqgGdf8xU6XXKnw%3D%3D"
"R410","47k","https://www.vishay.com/doc?20043","Resistor_SMD:R_0603_1608Metric","1","","Vishay/Dale","CRCW060347K0FKEAHP","https://www.mouser.com/ProductDetail/Vishay-Dale/CRCW060347K0FKEAHP?qs=k2%2FDWSARqgGdf8xU6XXKnw%3D%3D"
"R501","330k","https://www.vishay.com/doc?28881","Resistor_SMD:R_0805_2012Metric","1","","Vishay/Dale","TNPV0805330KBEEA","https://www.mouser.com/ProductDetail/Vishay-Dale/TNPV0805330KBEEA?qs=Li%252BoUPsLEnvXdeF%2FViJuBw%3D%3D"
"R502","330k","https://www.vishay.com/doc?28881","Resistor_SMD:R_0805_2012Metric","1","","Vishay/Dale","TNPV0805330KBEEA","https://www.mouser.com/ProductDetail/Vishay-Dale/TNPV0805330KBEEA?qs=Li%252BoUPsLEnvXdeF%2FViJuBw%3D%3D"
"R503","330k","https://www.vishay.com/doc?28881","Resistor_SMD:R_0805_2012Metric","1","","Vishay/Dale","TNPV0805330KBEEA","https://www.mouser.com/ProductDetail/Vishay-Dale/TNPV0805330KBEEA?qs=Li%252BoUPsLEnvXdeF%2FViJuBw%3D%3D"
"R508","330k","https://www.vishay.com/doc?28881","Resistor_SMD:R_0805_2012Metric","1","","Vishay/Dale","TNPV0805330KBEEA","https://www.mouser.com/ProductDetail/Vishay-Dale/TNPV0805330KBEEA?qs=Li%252BoUPsLEnvXdeF%2FViJuBw%3D%3D"
"R509","330k","https://www.vishay.com/doc?28881","Resistor_SMD:R_0805_2012Metric","1","","Vishay/Dale","TNPV0805330KBEEA","https://www.mouser.com/ProductDetail/Vishay-Dale/TNPV0805330KBEEA?qs=Li%252BoUPsLEnvXdeF%2FViJuBw%3D%3D"
"R510","330k","https://www.vishay.com/doc?28881","Resistor_SMD:R_0805_2012Metric","1","","Vishay/Dale","TNPV0805330KBEEA","https://www.mouser.com/ProductDetail/Vishay-Dale/TNPV0805330KBEEA?qs=Li%252BoUPsLEnvXdeF%2FViJuBw%3D%3D"
"R515","330k","https://www.vishay.com/doc?28881","Resistor_SMD:R_0805_2012Metric","1","","Vishay/Dale","TNPV0805330KBEEA","https://www.mouser.com/ProductDetail/Vishay-Dale/TNPV0805330KBEEA?qs=Li%252BoUPsLEnvXdeF%2FViJuBw%3D%3D"
"R516","330k","https://www.vishay.com/doc?28881","Resistor_SMD:R_0805_2012Metric","1","","Vishay/Dale","TNPV0805330KBEEA","https://www.mouser.com/ProductDetail/Vishay-Dale/TNPV0805330KBEEA?qs=Li%252BoUPsLEnvXdeF%2FViJuBw%3D%3D"
"R517","330k","https://www.vishay.com/doc?28881","Resistor_SMD:R_0805_2012Metric","1","","Vishay/Dale","TNPV0805330KBEEA","https://www.mouser.com/ProductDetail/Vishay-Dale/TNPV0805330KBEEA?qs=Li%252BoUPsLEnvXdeF%2FViJuBw%3D%3D"
"R401","49R9","https://www.vishay.com/doc?31010","Resistor_SMD:R_0402_1005Metric","1","","Vishay","M55342K11B49D9RS2","https://www.mouser.com/ProductDetail/Vishay/M55342K11B49D9RS2?qs=DRnBzpJSeP4mXvhGAQSKpg%3D%3D"
"R402","49R9","https://www.vishay.com/doc?31010","Resistor_SMD:R_0402_1005Metric","1","","Vishay","M55342K11B49D9RS2","https://www.mouser.com/ProductDetail/Vishay/M55342K11B49D9RS2?qs=DRnBzpJSeP4mXvhGAQSKpg%3D%3D"
"R403","49R9","https://www.vishay.com/doc?31010","Resistor_SMD:R_0402_1005Metric","1","","Vishay","M55342K11B49D9RS2","https://www.mouser.com/ProductDetail/Vishay/M55342K11B49D9RS2?qs=DRnBzpJSeP4mXvhGAQSKpg%3D%3D"
"R404","49R9","https://www.vishay.com/doc?31010","Resistor_SMD:R_0402_1005Metric","1","","Vishay","M55342K11B49D9RS2","https://www.mouser.com/ProductDetail/Vishay/M55342K11B49D9RS2?qs=DRnBzpJSeP4mXvhGAQSKpg%3D%3D"
"J401","Conn_02x05_Counter_Clockwise","~","EMS:62701021621","1","","Wurth Elektronik","62701021621","https://www.mouser.com/ProductDetail/Wurth-Elektronik/62701021621?qs=1Kr7Jg1SGW%252Bbz%2FJ7gpmd%2Fg%3D%3D"
"J402","Conn_02x05_Counter_Clockwise","~","EMS:62701021621","1","","Wurth Elektronik","62701021621","https://www.mouser.com/ProductDetail/Wurth-Elektronik/62701021621?qs=1Kr7Jg1SGW%252Bbz%2FJ7gpmd%2Fg%3D%3D"
"R506","750R","https://www.mouser.com/datasheet/2/447/PYu_RT_1_to_0_01_RoHS_L_12-3003070.pdf","Resistor_SMD:R_0805_2012Metric","1","","YAGEO","RT0805FRE10750RL","https://www.mouser.com/ProductDetail/YAGEO/RT0805FRE10750RL?qs=F5EMLAvA7IAUd7LY9VBaDQ%3D%3D"
"R513","750R","https://www.mouser.com/datasheet/2/447/PYu_RT_1_to_0_01_RoHS_L_12-3003070.pdf","Resistor_SMD:R_0805_2012Metric","1","","YAGEO","RT0805FRE10750RL","https://www.mouser.com/ProductDetail/YAGEO/RT0805FRE10750RL?qs=F5EMLAvA7IAUd7LY9VBaDQ%3D%3D"
"R520","750R","https://www.mouser.com/datasheet/2/447/PYu_RT_1_to_0_01_RoHS_L_12-3003070.pdf","Resistor_SMD:R_0805_2012Metric","1","","YAGEO","RT0805FRE10750RL","https://www.mouser.com/ProductDetail/YAGEO/RT0805FRE10750RL?qs=F5EMLAvA7IAUd7LY9VBaDQ%3D%3D"
