pos_x,pos_y,rotation,side,designator,mpn,pack,footprint,value,mount_type
59.7125,102.825,0.0,top,C201,04023C104KAT2A,,C_0402_1005Metric,100n,smt
63.1125,99.005,90.0,top,C202,04023C104KAT2A,,C_0402_1005Metric,100n,smt
74.0125,91.875,0.0,top,C203,KGM15CR51A106KT,,C_0603_1608Metric,10u,smt
74.1375,97.525,0.0,top,C204,KGM15CR51A106KT,,C_0603_1608Metric,10u,smt
73.1,86.225,0.0,top,C301,KGM15CR51A106KT,,C_0603_1608Metric,10u,smt
60.7375,86.025,0.0,top,C302,KGM15CR51A106KT,,C_0603_1608Metric,10u,smt
75.975,81.425,-90.0,top,C303,KGM15CR50J476MT,,C_0603_1608Metric,47u,smt
63.5125,81.2,-90.0,top,C304,KGM15CR50J476MT,,C_0603_1608Metric,47u,smt
76.65,84.425,180.0,top,C305,KGM15CR50J476MT,,C_0603_1608Metric,47u,smt
64.0125,84.125,180.0,top,C306,KGM15CR50J476MT,,C_0603_1608Metric,47u,smt
38.2,8.6,180.0,top,C307,10SVPS10M,,10SVPS10M,10u,smt
85.0,75.5,90.0,top,C308,KGM05AR70J105KH,,C_0402_1005Metric,1u,smt
25.5,15.2,-90.0,top,C309,10SVPS10M,,10SVPS10M,10u,smt
76.8,75.5,90.0,top,C310,KGM05AR70J105KH,,C_0402_1005Metric,1u,smt
75.75,53.75,-90.0,top,C401,04023C104KAT2A,,C_0402_1005Metric,100n,smt
137.0,58.0,0.0,top,C402,04023C104KAT2A,,C_0402_1005Metric,100n,smt
137.75,66.27,-90.0,top,C403,04023C104KAT2A,,C_0402_1005Metric,100n,smt
136.0,71.0,90.0,top,C404,04023C104KAT2A,,C_0402_1005Metric,100n,smt
150.25,61.75,90.0,top,C405,KGM15CR51A106KT,,C_0603_1608Metric,10u,smt
110.27,64.5,180.0,top,C406,KGM05AR70J105KH,,C_0402_1005Metric,1u,smt
136.75,61.75,0.0,top,C407,04023C104KAT2A,,C_0402_1005Metric,100n,smt
145.27,69.0,180.0,top,C408,GJM1555C1H5R6FB01D,,C_0402_1005Metric,5p6,smt
145.25,76.0,0.0,top,C409,GJM1555C1H5R6FB01D,,C_0402_1005Metric,5p6,smt
149.98,53.0,180.0,top,C410,KAM05CT70J475KH,,C_0402_1005Metric,4u7,smt
150.0,51.75,180.0,top,C411,KAM05CT70J475KH,,C_0402_1005Metric,4u7,smt
148.0,47.5,180.0,top,C412,KGM05AR51A225KH,,C_0402_1005Metric,2u2,smt
147.98,46.25,180.0,top,C413,KGM05AR51A225KH,,C_0402_1005Metric,2u2,smt
109.77,65.75,180.0,top,C414,04023C104KAT2A,,C_0402_1005Metric,100n,smt
141.5,65.025,-90.0,top,C415,KGM15CR51A106KT,,C_0603_1608Metric,10u,smt
128.75,80.0,90.0,top,C416,04023C104KAT2A,,C_0402_1005Metric,100n,smt
122.73,77.0,0.0,top,C417,04023C104KAT2A,,C_0402_1005Metric,100n,smt
114.27,78.5,0.0,top,C418,04023C104KAT2A,,C_0402_1005Metric,100n,smt
143.0,64.98,-90.0,top,C419,CC0402JRNPO9BN221,,C_0402_1005Metric,220p,smt
126.5,50.27,-90.0,top,C420,04023C104KAT2A,,C_0402_1005Metric,100n,smt
132.75,50.98,-90.0,top,C421,04023C104KAT2A,,C_0402_1005Metric,100n,smt
118.75,49.98,90.0,top,C422,04023C104KAT2A,,C_0402_1005Metric,100n,smt
145.77,60.5,0.0,top,C423,GJM1555C1H5R6FB01D,,C_0402_1005Metric,5p6,smt
145.75,63.0,0.0,top,C424,GJM1555C1H5R6FB01D,,C_0402_1005Metric,5p6,smt
108.5,56.98,90.0,top,C425,04023C104KAT2A,,C_0402_1005Metric,100n,smt
107.5,68.77,-90.0,top,C426,04023C104KAT2A,,C_0402_1005Metric,100n,smt
107.52,66.75,0.0,top,C427,04023C104KAT2A,,C_0402_1005Metric,100n,smt
112.75,80.0,-90.0,top,C428,KGM05AR51A225KH,,C_0402_1005Metric,2u2,smt
136.75,79.48,90.0,top,C429,KGM05AR70J105KH,,C_0402_1005Metric,1u,smt
135.5,79.5,90.0,top,C430,04023C104KAT2A,,C_0402_1005Metric,100n,smt
134.275,83.5,0.0,top,C431,KGM15CR51A106KT,,C_0603_1608Metric,10u,smt
137.02,83.5,180.0,top,C432,04023C104KAT2A,,C_0402_1005Metric,100n,smt
110.25,83.5,-90.0,top,C433,04023C104KAT2A,,C_0402_1005Metric,100n,smt
151.0,38.52,90.0,bottom,C434,04023C104KAT2A,,C_0402_1005Metric,100n,smt
134.0,51.02,90.0,top,C435,KGM05AR51A225KH,,C_0402_1005Metric,2u2,smt
124.0,16.18,90.0,top,C501,KGM05AR51A225KH,,C_0402_1005Metric,2u2,smt
125.3,16.18,90.0,top,C502,04023C104KAT2A,,C_0402_1005Metric,100n,smt
106.0,5.72,-90.0,top,C503,04023C104KAT2A,,C_0402_1005Metric,100n,smt
184.27,58.75,180.0,bottom,C504,04023C104KAT2A,,C_0402_1005Metric,100n,smt
195.5,91.48,90.0,bottom,C505,04023C104KAT2A,,C_0402_1005Metric,100n,smt
184.75,63.5,90.0,bottom,C506,04023C104KAT2A,,C_0402_1005Metric,100n,smt
42.5,97.725,-90.0,top,C601,GCM1885C2A100JA16D,,C_0603_1608Metric,10p,smt
42.5,94.225,-90.0,top,C602,GCM1885C2A100JA16D,,C_0603_1608Metric,10p,smt
42.25,69.775,-90.0,top,C603,GCM1885C2A100JA16D,,C_0603_1608Metric,10p,smt
42.25,64.775,-90.0,top,C604,GCM1885C2A100JA16D,,C_0603_1608Metric,10p,smt
42.25,41.275,-90.0,top,C605,GCM1885C2A100JA16D,,C_0603_1608Metric,10p,smt
42.25,36.275,-90.0,top,C606,GCM1885C2A100JA16D,,C_0603_1608Metric,10p,smt
45.5,95.775,-90.0,top,C607,CGA3EANP02A682J080AC,,C_0603_1608Metric,6800p,smt
45.5,67.025,-90.0,top,C608,CGA3EANP02A682J080AC,,C_0603_1608Metric,6800p,smt
45.5,38.275,-90.0,top,C609,CGA3EANP02A682J080AC,,C_0603_1608Metric,6800p,smt
62.1,32.975,-90.0,top,C610,GCM1885C2A100JA16D,,C_0603_1608Metric,10p,smt
79.4,32.325,-90.0,top,C611,GCM1885C2A100JA16D,,C_0603_1608Metric,10p,smt
99.1,32.275,-90.0,top,C612,GCM1885C2A100JA16D,,C_0603_1608Metric,10p,smt
60.0,32.975,-90.0,top,C613,CGA3EANP02A682J080AC,,C_0603_1608Metric,6800p,smt
81.7,32.325,-90.0,top,C614,CGA3EANP02A682J080AC,,C_0603_1608Metric,6800p,smt
101.2,32.275,-90.0,top,C615,CGA3EANP02A682J080AC,,C_0603_1608Metric,6800p,smt
62.257775,64.28,-90.0,top,C616,KGM05AR70J105KH,,C_0402_1005Metric,1u,smt
71.149999,62.28,90.0,top,C617,KGM05AR70J105KH,,C_0402_1005Metric,1u,smt
63.980001,65.439999,180.0,top,C618,CGA2B2X7R1C224K050BE,,C_0402_1005Metric,220n,smt
63.599999,68.075551,180.0,top,C619,GCM1885C2A100JA16D,,C_0603_1608Metric,10p,smt
172.3,50.424999,90.0,top,C701,KGM15CR51A106KT,,C_0603_1608Metric,10u,smt
172.4,47.084999,-90.0,top,C702,KGM15CR51A106KT,,C_0603_1608Metric,10u,smt
174.1,46.729999,90.0,top,C703,04023D104JAT2A,,C_0402_1005Metric,0u1,smt
173.7,50.169999,-90.0,top,C704,04023D104JAT2A,,C_0402_1005Metric,0u1,smt
187.8,46.369999,-90.0,top,C705,04023D104JAT2A,,C_0402_1005Metric,0u1,smt
189.8,52.229999,-90.0,top,C706,04023D104JAT2A,,C_0402_1005Metric,0u1,smt
194.0,48.275,-90.0,top,C707,KGM15CR51A106KT,,C_0603_1608Metric,10u,smt
138.52,28.0,180.0,top,C708,04023C104KAT2A,,C_0402_1005Metric,100n,smt
135.4,30.92,-90.0,top,C709,04023C104KAT2A,,C_0402_1005Metric,100n,smt
111.97,98.95,0.0,top,C801,GJM1555C1H5R6FB01D,,C_0402_1005Metric,5p6,smt
117.45,95.95,90.0,top,C802,GJM1555C1H5R6FB01D,,C_0402_1005Metric,5p6,smt
124.98,102.0,0.0,bottom,C803,04023C104KAT2A,,C_0402_1005Metric,100n,smt
117.0,100.0,180.0,bottom,C804,04023C104KAT2A,,C_0402_1005Metric,100n,smt
121.0,103.225,90.0,bottom,C805,KGM15CR51A106KT,,C_0603_1608Metric,10u,smt
116.0,97.5,90.0,bottom,C806,GCM1555C2A471JE02D,,C_0402_1005Metric,470p,smt
117.0,97.5,90.0,bottom,C807,KGM05AR70J105KH,,C_0402_1005Metric,1u,smt
125.5,95.73,-90.0,bottom,C808,04023C104KAT2A,,C_0402_1005Metric,100n,smt
156.5,95.98,90.0,bottom,C809,04023C104KAT2A,,C_0402_1005Metric,100n,smt
148.5,101.0,180.0,bottom,C810,04023C104KAT2A,,C_0402_1005Metric,100n,smt
142.98,98.5,-90.0,bottom,C812,04025C102KAZ2A,,C_0402_1005Metric,1n,smt
87.25,46.46,-90.0,bottom,C901,04023C104KAT2A,,C_0402_1005Metric,100n,smt
88.75,46.48,-90.0,bottom,C902,KGM05AR51A225KH,,C_0402_1005Metric,2u2,smt
94.0,46.0,180.0,bottom,C903,04023C104KAT2A,,C_0402_1005Metric,100n,smt
94.0,44.5,180.0,bottom,C904,KGM05AR51A225KH,,C_0402_1005Metric,2u2,smt
94.0,51.5,-90.0,bottom,C905,04023C104KAT2A,,C_0402_1005Metric,100n,smt
92.5,51.0,-90.0,bottom,C906,KGM05AR51A225KH,,C_0402_1005Metric,2u2,smt
53.4125,105.65,-90.0,top,D201,ESDA7P60-1U1M,,ESDA7P60-1U1M,ESDA7P60-1U1M,smt
56.0125,103.15,90.0,top,D202,BAT30KFILM,,BAT30KFILM,BAT30KFILM,smt
33.5,111.6,180.0,top,D301,150040RS73240 ,,LED_0402_1005Metric,LED,smt
33.5,108.5,180.0,top,D302,150040RS73240 ,,LED_0402_1005Metric,LED,smt
78.275,54.25,0.0,top,D401,ESDALC6V1-1M2,,ESDALC6V11M2,ESDALC6V1-1M2,smt
78.275,47.5,0.0,top,D402,ESDALC6V1-1M2,,ESDALC6V11M2,ESDALC6V1-1M2,smt
163.0,31.1,-90.0,bottom,D403,"PESD3V3L1BA,115",,PESD3V3L1BA_115-SOD-323-2,"PESD3V3L1BA,115",smt
153.75,27.1,90.0,bottom,D404,"PESD3V3L1BA,115",,PESD3V3L1BA_115-SOD-323-2,"PESD3V3L1BA,115",smt
157.0,27.1,90.0,bottom,D405,"PESD3V3L1BA,115",,PESD3V3L1BA_115-SOD-323-2,"PESD3V3L1BA,115",smt
157.0,39.4,-90.0,bottom,D406,"PESD3V3L1BA,115",,PESD3V3L1BA_115-SOD-323-2,"PESD3V3L1BA,115",smt
107.345,85.125,0.0,top,D407,APFA3010LSEEZGKQBKC,,LED_Kingbright_APFA3010_3x1.5mm_Horizontal,LED_RAGB,smt
153.75,39.4,-90.0,bottom,D408,"PESD3V3L1BA,115",,PESD3V3L1BA_115-SOD-323-2,"PESD3V3L1BA,115",smt
134.0,77.7125,-90.0,top,FB401,BBGK00160808601Y00,,L_0603_1608Metric,FerriteBead,smt
139.75,62.7875,-90.0,top,FB402,FBMJ1608HM180NTR,,L_0603_1608Metric,FerriteBead,smt
193.8,53.149999,0.0,top,FB701,BLM15HD182SN1D,,BLM15HD182SN1D,FerriteBead,smt
193.8,51.349999,0.0,top,FB702,BLM15HD182SN1D,,BLM15HD182SN1D,FerriteBead,smt
132.0,113.5,0.0,top,FB801,BBGK00160808601Y00,,L_0603_1608Metric,FerriteBead,smt
11.25,110.0,0.0,top,FM201,,,Fiducial_1mm_Mask2mm,Fiducial,smt
188.75,110.0,0.0,top,FM202,,,Fiducial_1mm_Mask2mm,Fiducial,smt
11.25,5.0,0.0,top,FM203,,,Fiducial_1mm_Mask2mm,Fiducial,smt
11.25,110.0,180.0,bottom,FM204,,,Fiducial_1mm_Mask2mm,Fiducial,smt
188.75,110.0,180.0,bottom,FM205,,,Fiducial_1mm_Mask2mm,Fiducial,smt
11.25,5.0,180.0,bottom,FM206,,,Fiducial_1mm_Mask2mm,Fiducial,smt
61.9125,110.505,180.0,top,J201,USB4105-GF-A ,,USB_C_Receptacle_GCT_USB4105-xx-A_16P_TopMnt_Horizontal,USB_C_Receptacle_USB2.0_16P,smt
79.4125,109.725,180.0,top,J202,1548128,,"TerminalBlock_Phoenix_MKDS-1,5-2-5.08_1x02_P5.08mm_Horizontal",Screw_Terminal_01x02,tht
158.0,31.17,90.0,top,J401,62701021621,,62701021621,Conn_02x05_Counter_Clockwise,tht
190.365,94.965,-90.0,top,J501,CLP-110-02-G-D,,CLP-110-02-XXX-D,CLP-110-02-G-D,smt
114.43,20.8,0.0,top,J502,62701021621,,62701021621,Conn_02x05_Counter_Clockwise,tht
191.75,60.21,180.0,top,J503,M20-9720546,,PinHeader_2x10_P2.54mm_Vertical,Conn_02x08_Counter_Clockwise,tht
5.5,93.58,-90.0,top,J601,1548128,,"TerminalBlock_Phoenix_MKDS-1,5-2-5.08_1x02_P5.08mm_Horizontal",Screw_Terminal_01x02,tht
5.5,61.0,-90.0,top,J602,1548128,,"TerminalBlock_Phoenix_MKDS-1,5-2-5.08_1x02_P5.08mm_Horizontal",Screw_Terminal_01x02,tht
5.5,26.0,-90.0,top,J603,1548128,,"TerminalBlock_Phoenix_MKDS-1,5-2-5.08_1x02_P5.08mm_Horizontal",Screw_Terminal_01x02,tht
49.92,5.6,0.0,top,J604,1548128,,"TerminalBlock_Phoenix_MKDS-1,5-2-5.08_1x02_P5.08mm_Horizontal",Screw_Terminal_01x02,tht
66.92,5.6,0.0,top,J605,1548128,,"TerminalBlock_Phoenix_MKDS-1,5-2-5.08_1x02_P5.08mm_Horizontal",Screw_Terminal_01x02,tht
83.92,5.6,0.0,top,J606,1548128,,"TerminalBlock_Phoenix_MKDS-1,5-2-5.08_1x02_P5.08mm_Horizontal",Screw_Terminal_01x02,tht
195.0,25.5,90.0,top,J701,1548129,,"TerminalBlock_Phoenix_MKDS-1,5-3-5.08_1x03_P5.08mm_Horizontal",Screw_Terminal_01x03,tht
139.7,23.1,0.0,top,J702,DM3AT-SF-PEJM5(40),,DM3ATSFPEJM540,DM3AT-SF-PEJM5_40_,smt
155.27,98.54,180.0,top,J801,SI-60062-F,,Connector-SI60062F,SI-60062-F,tht
73.1875,80.025,0.0,top,L301,MCHK1608T2R2MKN,,L_0603_1608Metric,2u2,smt
60.825,80.025,0.0,top,L302,MCHK1608T2R2MKN,,L_0603_1608Metric,2u2,smt
78.775,82.225,0.0,top,L303,LQM21FN100M80L,,L_0805_2012Metric,10u,smt
66.3125,82.025,0.0,top,L304,LQM21FN100M80L,,L_0805_2012Metric,10u,smt
146.7875,64.75,180.0,top,L401,MCHK1608T2R2MKN,,L_0603_1608Metric,2u2,smt
64.325,96.775,90.0,top,Q201,STL6N3LLH6,,STL6N3LLH6,STL6N3LLH6,smt
61.7125,100.45,-90.0,top,R201,CRCW060310K0FKEI,,R_0603_1608Metric,10k,smt
61.7125,96.95,-90.0,top,R202,SFR03EZPF2701,,R_0603_1608Metric,2k7,smt
78.1025,93.525,180.0,top,R203,SFR01MZPF1200,,R_0402_1005Metric,120R,smt
57.9125,84.9,90.0,top,R301,CRCW0603100KFKEE,,R_0603_1608Metric,100k,smt
80.175,78.7,0.0,top,R302,CRCW0603100KFKEE,,R_0603_1608Metric,100k,smt
36.595,111.6,0.0,top,R303,RC0402FR-07221RL,,R_0402_1005Metric,220R,smt
36.475,108.5,0.0,top,R304,RC0402FR-07221RL,,R_0402_1005Metric,220R,smt
136.25,51.325,-90.0,top,R401,ERJ-S03F22R0V,,R_0603_1608Metric,22R,smt
132.25,47.75,0.0,top,R402,ERJ-S03F22R0V,,R_0603_1608Metric,22R,smt
126.0,67.825,-90.0,bottom,R403,ERJ-S03F22R0V,,R_0603_1608Metric,22R,smt
75.25,47.75,-90.0,top,R404,CRCW060310K0FKEI,,R_0603_1608Metric,10k,smt
105.75,81.675,-90.0,top,R405,CRCW06031K00FKEE,,R_0603_1608Metric,1k,smt
108.75,81.675,-90.0,top,R406,CRCW06031K00FKEE,,R_0603_1608Metric,1k,smt
107.25,81.675,-90.0,top,R407,CRCW06031K00FKEE,,R_0603_1608Metric,1k,smt
151.5,31.0,0.0,bottom,R408,M55342K11B49D9RS2,,R_0402_1005Metric,49R9,smt
151.5,32.25,0.0,bottom,R409,M55342K11B49D9RS2,,R_0402_1005Metric,49R9,smt
151.5,33.75,0.0,bottom,R410,M55342K11B49D9RS2,,R_0402_1005Metric,49R9,smt
151.5,36.25,0.0,bottom,R411,M55342K11B49D9RS2,,R_0402_1005Metric,49R9,smt
124.5,48.25,-90.0,top,R412,ESR03EZPF33R0,,R_0603_1608Metric,33R,smt
121.75,48.175,-90.0,top,R413,ESR03EZPF33R0,,R_0603_1608Metric,33R,smt
117.0,79.675,-90.0,top,R414,ESR03EZPF33R0,,R_0603_1608Metric,33R,smt
126.9,12.925,90.0,top,R501,CRCW060347K0FKEAHP,,R_0603_1608Metric,47k,smt
105.5,16.925,-90.0,top,R502,ERJ-S03F22R0V,,R_0603_1608Metric,22R,smt
103.7,8.625,90.0,top,R503,SR0603FR-7T4K7L,,R_0603_1608Metric,4k7,smt
22.0,98.5,-90.0,top,R601,B72220S0271K101,,B72220S0271K101,R_Variable,tht
22.0,70.5,-90.0,top,R602,B72220S0271K101,,B72220S0271K101,R_Variable,tht
22.0,42.0,-90.0,top,R603,B72220S0271K101,,B72220S0271K101,R_Variable,tht
27.4125,98.5,180.0,top,R604,TNPV0805330KBEEA,,R_0805_2012Metric,330k,smt
27.0875,70.5,180.0,top,R605,TNPV0805330KBEEA,,R_0805_2012Metric,330k,smt
26.9125,42.0,180.0,top,R606,TNPV0805330KBEEA,,R_0805_2012Metric,330k,smt
57.4,25.675,-90.0,top,R607,CRCW060310K0FKEI,,R_0603_1608Metric,10k,smt
76.9,25.825,-90.0,top,R608,CRCW060310K0FKEI,,R_0603_1608Metric,10k,smt
96.5,26.225,-90.0,top,R609,CRCW060310K0FKEI,,R_0603_1608Metric,10k,smt
31.4125,98.5,180.0,top,R610,TNPV0805330KBEEA,,R_0805_2012Metric,330k,smt
31.0875,70.5,180.0,top,R611,TNPV0805330KBEEA,,R_0805_2012Metric,330k,smt
31.0,42.0,180.0,top,R612,TNPV0805330KBEEA,,R_0805_2012Metric,330k,smt
35.3375,98.5,180.0,top,R613,TNPV0805330KBEEA,,R_0805_2012Metric,330k,smt
35.0875,70.5,180.0,top,R614,TNPV0805330KBEEA,,R_0805_2012Metric,330k,smt
35.0,42.0,180.0,top,R615,TNPV0805330KBEEA,,R_0805_2012Metric,330k,smt
56.5,30.2,180.0,top,R616,ERJ-3EKF1502V,,R_0603_1608Metric,15k,smt
76.025,29.9,180.0,top,R617,ERJ-3EKF1502V,,R_0603_1608Metric,15k,smt
95.675,30.2,180.0,top,R618,ERJ-3EKF1502V,,R_0603_1608Metric,15k,smt
35.25,94.9125,90.0,top,R619,RT0805FRE10750RL,,R_0805_2012Metric,750R,smt
35.25,66.4125,90.0,top,R620,RT0805FRE10750RL,,R_0805_2012Metric,750R,smt
35.25,37.9125,90.0,top,R621,RT0805FRE10750RL,,R_0805_2012Metric,750R,smt
39.25,98.5,180.0,top,R622,CRCW06031K00FKEE,,R_0603_1608Metric,1k,smt
39.175,94.0,180.0,top,R623,CRCW06031K00FKEE,,R_0603_1608Metric,1k,smt
38.925,70.5,180.0,top,R624,CRCW06031K00FKEE,,R_0603_1608Metric,1k,smt
38.925,65.5,180.0,top,R625,CRCW06031K00FKEE,,R_0603_1608Metric,1k,smt
39.0,42.0,180.0,top,R626,CRCW06031K00FKEE,,R_0603_1608Metric,1k,smt
39.0,37.0,180.0,top,R627,CRCW06031K00FKEE,,R_0603_1608Metric,1k,smt
56.5,33.7,180.0,top,R628,ERJ-PA3F2001V,,R_0603_1608Metric,2k,smt
75.975,33.1,180.0,top,R629,ERJ-PA3F2001V,,R_0603_1608Metric,2k,smt
95.675,33.0,180.0,top,R630,ERJ-PA3F2001V,,R_0603_1608Metric,2k,smt
66.4,67.825,-90.0,top,R631,ESR03EZPF33R0,,R_0603_1608Metric,33R,smt
68.05,67.85,-90.0,top,R632,ESR03EZPF33R0,,R_0603_1608Metric,33R,smt
69.65,67.825,-90.0,top,R633,ESR03EZPF33R0,,R_0603_1608Metric,33R,smt
71.25,67.825,-90.0,top,R634,ESR03EZPF33R0,,R_0603_1608Metric,33R,smt
74.1,64.7,180.0,top,R635,ESR03EZPF33R0,,R_0603_1608Metric,33R,smt
64.399999,70.850551,-90.0,top,R636,ESR03EZPF33R0,,R_0603_1608Metric,33R,smt
74.1,69.5,0.0,top,R637,CRCW060310K0FKEI,,R_0603_1608Metric,10k,smt
74.1,66.3,0.0,top,R638,CRCW0603100KFKEE,,R_0603_1608Metric,100k,smt
76.6,65.5,90.0,top,R639,CRCW0603100KFKEE,,R_0603_1608Metric,100k,smt
190.0,43.339999,90.0,top,R701,SFR01MZPF1200,,R_0402_1005Metric,120R,smt
121.5,93.24,90.0,top,R801,RC0402FR-7D33RL,,R_0402_1005Metric,33R,smt
119.5,93.24,90.0,top,R802,RC0402FR-7D33RL,,R_0402_1005Metric,33R,smt
122.5,91.0,90.0,top,R803,ERJ-PA2F1002X,,R_0402_1005Metric,10k,smt
124.25,93.24,90.0,top,R804,RC0402FR-7D33RL,,R_0402_1005Metric,33R,smt
129.0,96.75,180.0,top,R805,RC0402FR-7D33RL,,R_0402_1005Metric,33R,smt
120.5,93.24,-90.0,top,R806,ERJ-PA2F1002X,,R_0402_1005Metric,10k,smt
118.5,93.24,-90.0,top,R807,ERJ-PA2F1002X,,R_0402_1005Metric,10k,smt
123.25,93.24,-90.0,top,R808,ERJ-PA2F1002X,,R_0402_1005Metric,10k,smt
125.5,93.24,-90.0,top,R809,RT73F1J1K5BTD,,R_0402_1005Metric,1k5,smt
129.0,97.75,0.0,top,R810,ERJ-PA2F1002X,,R_0402_1005Metric,10k,smt
121.75,105.76,90.0,top,R811,M55342K11B49D9RS2,,R_0402_1005Metric,49R9,smt
120.5,106.76,90.0,top,R812,M55342K11B49D9RS2,,R_0402_1005Metric,49R9,smt
124.5,102.76,90.0,top,R813,M55342K11B49D9RS2,,R_0402_1005Metric,49R9,smt
118.0,104.825,90.0,top,R814,ERJ-P03F1212V,,R_0603_1608Metric,12k1,smt
123.0,104.0,90.0,top,R815,M55342K11B49D9RS2,,R_0402_1005Metric,49R9,smt
160.5,109.0,180.0,bottom,R816,ERJ-PA2F1002X,,R_0402_1005Metric,10k,smt
148.5,106.5,90.0,bottom,R817,ERJ-PA2F1002X,,R_0402_1005Metric,10k,smt
142.0,104.675,90.0,bottom,R818,CRGH0603F270R,,R_0603_1608Metric,270R,smt
154.75,111.75,-90.0,bottom,R819,CRGH0603F270R,,R_0603_1608Metric,270R,smt
114.675,100.5,0.0,top,R820,CRCW06030000Z0EI,,R_0603_1608Metric,0R,smt
91.5,60.0,-90.0,top,R901,RC0402FR-7D47KL,,R_0402_1005Metric,47k,smt
94.5,60.01,-90.0,top,R902,RC0402FR-7D47KL,,R_0402_1005Metric,47k,smt
96.24,61.75,0.0,top,R903,RC0402FR-7D47KL,,R_0402_1005Metric,47k,smt
87.5,55.01,-90.0,top,R904,RC0402FR-7D47KL,,R_0402_1005Metric,47k,smt
87.5,52.5,90.0,top,R905,RC0402FR-7D47KL,,R_0402_1005Metric,47k,smt
87.5,58.175,-90.0,top,R906,RC0402FR-7D47KL,,R_0402_1005Metric,47k,smt
98.76,62.0,180.0,top,R907,RC0402FR-7D47KL,,R_0402_1005Metric,47k,smt
100.25,60.75,0.0,top,R908,RC0402FR-7D47KL,,R_0402_1005Metric,47k,smt
104.5,46.175,-90.0,bottom,R909,RC0402FR-7D47KL,,R_0402_1005Metric,47k,smt
100.75,43.0,0.0,top,R910,ERJ-PA2F1002X,,R_0402_1005Metric,10k,smt
90.25,60.0,-90.0,top,R911,RC0402FR-7D22RL,,R_0402_1005Metric,22R,smt
93.25,60.01,-90.0,top,R912,RC0402FR-7D22RL,,R_0402_1005Metric,22R,smt
96.25,60.0,-90.0,top,R913,RC0402FR-7D22RL ,,R_0402_1005Metric,22R,smt
88.75,55.0,-90.0,top,R914,RC0402FR-7D22RL ,,R_0402_1005Metric,22R,smt
88.75,52.5,90.0,top,R915,RC0402FR-7D22RL ,,R_0402_1005Metric,22R,smt
88.75,58.175,-90.0,top,R916,RC0402FR-7D22RL ,,R_0402_1005Metric,22R,smt
97.5,60.0,-90.0,top,R917,RC0402FR-7D22RL ,,R_0402_1005Metric,22R,smt
99.26,59.5,180.0,top,R918,RC0402FR-7D22RL ,,R_0402_1005Metric,22R,smt
104.25,49.0,180.0,top,R919,RC0402FR-7D22RL ,,R_0402_1005Metric,22R,smt
98.5,43.0,180.0,top,R920,RC0402FR-7D22RL ,,R_0402_1005Metric,22R,smt
104.5,34.675,90.0,top,R921,RC0402FR-7D47KL,,R_0402_1005Metric,47k,smt
106.0,45.925,90.0,bottom,R922,CRCW06030000Z0EI,,R_0603_1608Metric,0R,smt
75.25,57.75,180.0,top,SW401,RS282G05A3SMRT,,SW_SPST_CK_RS282G05A3,SW_Push,smt
75.25,44.0,180.0,top,SW402,RS282G05A3SMRT,,SW_SPST_CK_RS282G05A3,SW_Push,smt
57.0125,98.975,90.0,top,U201,TCPP01-M12,,TCPP01-M12-QFN-12L,TCPP01-M12,smt
74.6125,94.5,180.0,top,U202,STEF05SGR,,STEF05SGR-TSOT23-8L,STEF05SGR,smt
74.0075,101.625,-90.0,top,U203,USBLC6-2P6,,USBLC62P6-SOT666-6,USBLC6-2P6,smt
73.075,83.825,90.0,top,U301,ST1PS02CQTR,,ST1PS02CQTR,ST1PS02CQTR,smt
60.7125,83.625,90.0,top,U302,ST1PS02CQTR,,ST1PS02CQTR,ST1PS02CQTR,smt
79.55,75.95,180.0,top,U303,LDLN025M12R,,LDLN025M12R-SOT-23-5,LDLN025M12R,smt
33.8,14.3,0.0,top,U304,LM2664M6/NOPB,,LM2664M6_NOPB-SOT-23-6,LM2664M6_NOPB,smt
123.25,64.262,180.0,top,U401,STM32H745ZGT6,,STM32H745ZGT6_LQFP144,STM32H745ZGT6,smt
116.5,7.75,180.0,top,U501,BLUENRG-M2SA,,BLUENRG-M2SA,BLUENRG-M2SA,smt
53.949999,25.73475,90.0,top,U601,TSV911ILT,,TSV911ILT_SOT23-5,TSV911ILT,smt
73.549999,25.76525,90.0,top,U602,TSV911ILT,,TSV911ILT_SOT23-5,TSV911ILT,smt
92.950001,25.76525,90.0,top,U603,TSV911ILT,,TSV911ILT_SOT23-5,TSV911ILT,smt
66.599999,61.775551,90.0,top,U604,ADS131M08IRSNR,,ADS131M08IRSNR-QFN40,ADS131M08IRSNR,smt
181.1355,45.974999,0.0,top,U701,ADM2565EBRNZ,,ADM2565EBRNZ-SOIC-28,ADM2565EBRNZ,smt
130.35,30.775,180.0,top,U702,EMIF06-MSD02N16,,EMIF06-MSD02N16,EMIF06-MSD02N16,smt
121.7,98.9,0.0,top,U801,LAN8742A-CZ-TR,,LAN8742A-CZ-TR_QFN50,LAN8742A-CZ-TR,smt
96.25,51.25,0.0,top,U901,MX52LM04A11XSI,,MX52LM04A11XSI_BGA153,MX52LM04A11XSI,smt
145.1,72.3,180.0,top,Y401,NX3225SA-25.000M-STD-CSR-6,,NX3225SA25000MSTDCSR6,Crystal_GND24,smt
143.5,61.75,-90.0,top,Y402,NX3215SA-32.768K-STD-MUA-14,,Crystal_SMD_3215-2Pin_3.2x1.5mm,32.768KHz,smt
113.85,95.75,0.0,top,Y801,NX3225SA-25.000M-STD-CSR-6,,NX3225SA25000MSTDCSR6,Crystal_GND24,smt
